4.016,0.0
4.0306993,4.1900558E-4
4.0478516,4.5518935E-4
4.0600276,0.0017187773
4.074599,0.0034072218
4.0890913,0.0055224253
4.1035523,0.00806626
4.117969,0.01104058
4.132318,0.014447218
4.1466217,0.018287977
4.1608806,0.02256464
4.175082,0.027278969
4.1892376,0.0324327
4.2033353,0.03802755
4.217398,0.044065207
4.231379,0.050547346
4.2453356,0.057475608
4.2592335,0.06485162
4.27306,0.07267699
4.286861,0.080953285
4.3005786,0.089682065
4.3142705,0.09886486
4.3279014,0.10850319
4.3414598,0.11859854
4.354979,0.12915237
4.3684487,0.14016613
4.3818555,0.15164123
4.395212,0.16357909
4.408505,0.17598107
4.421735,0.18884854
4.434936,0.20218281
4.448062,0.21598521
4.461135,0.23025702
4.4741435,0.2449995
4.4870987,0.2602139
4.5000124,0.27590147
4.5128484,0.29206336
4.5256424,0.30870077
4.53837,0.32581484
4.5510316,0.34340674
4.5636497,0.36147755
4.5762005,0.3800284
4.588696,0.3990603
4.6011233,0.41857436
4.6135063,0.43857157
4.625821,0.45905295
4.638079,0.48001945
4.6502686,0.50147206
4.6624117,0.52341175
4.6744742,0.54583937
4.686502,0.56875587
4.698448,0.59216213
4.710347,0.61605895
4.722176,0.6404472
4.733934,0.6653277
4.7456555,0.69070125
4.7572947,0.7165686
4.768873,0.7429305
4.7804036,0.76978767
4.79185,0.79714084
4.803259,0.8249907
4.814584,0.8533379
4.825847,0.8821831
4.8370605,0.91152686
4.8482003,0.9413699
4.8592668,0.9717127
4.8702936,1.0025558
4.881235,1.0338999
4.892125,1.0657455
4.902952,1.0980929
4.9136925,1.1309428
4.924392,1.1642956
4.9350166,1.1981516
4.9455776,1.2325114
4.956062,1.2673753
4.966505,1.3027438
4.97686,1.3386171
4.9871497,1.3749956
4.997386,1.4118797
5.007557,1.4492695
5.0176387,1.4871655
5.0276895,1.5255678
5.037639,1.5644767
5.047534,1.6038926
5.0573735,1.6438154
5.067123,1.6842455
5.076829,1.7251829
5.086444,1.7666278
5.096015,1.8085804
5.105495,1.8510407
5.114918,1.8940089
5.124274,1.9374849
5.1335607,1.9814688
5.1427794,2.0259607
5.151917,2.0709605
5.1609974,2.1164684
5.1700206,2.1624842
5.1789513,2.2090077
5.1878233,2.2560391
5.196626,2.3035784
5.205359,2.3516252
5.2140093,2.4001796
5.2226133,2.4492414
5.2311344,2.4988103
5.2395854,2.5488863
5.2479653,2.599469
5.256274,2.6505582
5.264523,2.702154
5.2726774,2.7542558
5.280795,2.8068633
5.288806,2.8599765
5.29678,2.913595
5.3046465,2.9677184
5.3124757,3.0223463
5.320221,3.0774784
5.327882,3.1331143
5.3354816,3.1892536
5.34302,3.2458959
5.3504734,3.3030407
5.357854,3.3606877
5.3651724,3.4188364
5.3724055,3.4774861
5.3795767,3.5366366
5.386674,3.5962873
5.3936973,3.6564374
5.400646,3.7170866
5.4075327,3.7782342
5.414333,3.8398798
5.4210587,3.9020226
5.4277325,3.964662
5.434308,4.0277977
5.4408326,4.0914283
5.4472585,4.155554
5.453644,4.2201734
5.4599304,4.285286
5.466153,4.350891
5.4723005,4.416988
5.478384,4.483576
5.4843674,4.550654
5.4903107,4.6182218
5.496154,4.686278
5.501944,4.754822
5.5076466,4.823853
5.5132723,4.89337
5.5188456,4.9633727
5.5243187,5.0338597
5.529726,5.1048303
5.5350676,5.176283
5.5403337,5.248217
5.5455217,5.320632
5.550633,5.3935266
5.5556784,5.4669
5.5606346,5.540751
5.5655375,5.615079
5.5703506,5.6898823
5.5750856,5.76516
5.5797553,5.840912
5.584347,5.9171357
5.5888724,5.993831
5.59332,6.0709968
5.597678,6.1486316
5.601981,6.226734
5.606194,6.3053036
5.6103525,6.384339
5.614421,6.4638386
5.6184106,6.543802
5.622334,6.624227
5.6261783,6.705113
5.6299562,6.7864585
5.633643,6.8682623
5.637275,6.9505234
5.6408167,7.0332403
5.6442914,7.1164117
5.647699,7.200036
5.6510158,7.2841125
5.654253,7.3686395
5.6574354,7.4536157
5.6605387,7.5390396
5.663563,7.62491
5.6665077,7.711225
5.6693735,7.797984
5.672183,7.8851852
5.674902,7.972827
5.6775537,8.060908
5.680132,8.149427
5.6826305,8.238382
5.6850557,8.327772
5.6874075,8.417596
5.68968,8.507852
5.691879,8.598537
5.69401,8.689652
5.6960616,8.781194
5.698034,8.873161
5.699938,8.965552
5.7017746,9.058366
5.7035203,9.151601
5.705198,9.2452545
5.7068076,9.339326
5.708332,9.433813
5.709789,9.528715
5.7111664,9.62403
5.7124815,9.719755
5.713705,9.81589
5.714867,9.912433
5.7159557,10.009381
5.716959,10.106733
5.7179003,10.204488
5.718756,10.302643
5.7195444,10.401197
5.7202587,10.500149
5.7208996,10.599495
5.7214675,10.699235
5.7219563,10.799367
5.72237,10.899889
5.7227235,11.000798
5.7229915,11.102094
5.7231865,11.2037735
5.7233133,11.305836
5.723361,11.408278
5.723342,11.5111
5.723243,11.614299
5.723077,11.717873
5.7228327,11.821819
5.72252,11.926137
5.722129,12.030824
5.7216644,12.135878
5.721133,12.241297
5.7205296,12.347078
5.7198524,12.453221
5.7190967,12.559724
5.718268,12.666583
5.7173786,12.773798
5.716405,12.881366
5.71537,12.9892845
5.7142515,13.097552
5.713072,13.206167
5.711808,13.315127
5.7104836,13.424431
5.7090816,13.534075
5.7076063,13.644057
5.706072,13.754376
5.7044477,13.86503
5.702763,13.976017
5.701007,14.087334
5.6991787,14.198978
5.697279,14.310949
5.6953073,14.4232435
5.6932697,14.53586
5.6911554,14.648796
5.688976,14.762049
5.686719,14.875617
5.6844025,14.989498
5.682003,15.10369
5.6795506,15.21819
5.6770096,15.332996
5.67441,15.448107
5.6717386,15.5635195
5.668992,15.679232
5.6661797,15.795241
5.66331,15.911546
5.6603518,16.028143
5.6573353,16.145031
5.6542487,16.262207
5.6510925,16.37967
5.6478662,16.497416
5.644576,16.615442
5.641217,16.733747
5.637788,16.85233
5.63429,16.971186
5.630723,17.090315
5.6270924,17.209713
5.623393,17.329378
5.619625,17.449308
5.6157885,17.569502
5.611889,17.689955
5.607921,17.810665
5.603885,17.931631
5.599781,18.05285
5.5956144,18.17432
5.5913744,18.29604
5.587073,18.418005
5.5827093,18.540213
5.5782785,18.66266
5.5737743,18.785349
5.569215,18.908272
5.564583,19.03143
5.55989,19.154818
5.55513,19.278435
5.5503035,19.402279
5.545417,19.526346
5.5404644,19.650635
5.535445,19.775143
5.5303664,19.899866
5.525216,20.024805
5.520012,20.149954
5.514736,20.275312
5.5094013,20.400877
5.504002,20.526646
5.4985375,20.652617
5.493014,20.778786
5.487426,20.905151
5.481774,21.031712
5.4760633,21.158463
5.4702888,21.285402
5.4644504,21.412529
5.4585543,21.539839
5.4525948,21.66733
5.446578,21.794998
5.4404917,21.922844
5.434349,22.050863
5.4281497,22.179052
5.421881,22.307411
5.4155564,22.435936
5.409176,22.564623
5.402733,22.69347
5.396229,22.822475
5.3896627,22.951637
5.3830414,23.080952
5.3763585,23.210417
5.369621,23.340029
5.3628225,23.469786
5.355963,23.599686
5.34905,23.729725
5.3420763,23.859901
5.335043,23.990213
5.3279552,24.120657
5.3208084,24.25123
5.313608,24.38193
5.3063483,24.512753
5.2990303,24.643698
5.2916594,24.774761
5.28423,24.905941
5.2767425,25.037235
5.2692027,25.16864
5.261605,25.300154
5.253956,25.431772
5.246249,25.563494
5.238486,25.695316
5.230671,25.827236
5.2228003,25.959251
5.214872,26.09136
5.2068934,26.223558
5.1988654,26.355843
5.1907754,26.488213
5.182636,26.620665
5.174447,26.753195
5.1662035,26.885801
5.157905,27.018482
5.1495576,27.151234
5.1411557,27.284054
5.1327,27.41694
5.124196,27.54989
5.115639,27.682901
5.1070337,27.81597
5.0983763,27.949093
5.089665,28.08227
5.080908,28.215496
5.0721035,28.348768
5.0632415,28.482086
5.054333,28.615446
5.0453796,28.748844
5.0363746,28.882278
5.0273185,29.015747
5.0182114,29.149248
5.009065,29.282776
4.9998636,29.41633
4.990617,29.549908
4.981321,29.683506
4.971981,29.817122
4.962591,29.950752
4.9531536,30.084396
4.9436727,30.21805
4.9341426,30.351711
4.9245706,30.485376
4.9149504,30.619043
4.9052887,30.752708
4.895573,30.886372
4.8858223,31.020027
4.876019,31.153675
4.8661747,31.287312
4.8562903,31.420933
4.8463593,31.554537
4.836383,31.688122
4.8263607,31.821686
4.8162994,31.955225
4.8061924,32.088737
4.7960525,32.222218
4.785857,32.355667
4.775635,32.48908
4.765363,32.62245
4.7550416,32.755787
4.7446947,32.889076
4.7342987,33.02232
4.723866,33.155514
4.713384,33.28866
4.702867,33.42175
4.692313,33.554783
4.6817245,33.687756
4.6710877,33.820667
4.6604166,33.953514
4.6496987,34.086296
4.6389575,34.219006
4.6281705,34.351643
4.617338,34.484207
4.6064835,34.61669
4.5955834,34.749096
4.5846386,34.88142
4.573673,35.013657
4.5626626,35.145805
4.5516205,35.277863
4.5405345,35.40983
4.529417,35.5417
4.5182676,35.67347
4.5070763,35.80514
4.4958653,35.936707
4.484601,36.06817
4.473318,36.19952
4.461993,36.33076
4.4506392,36.461887
4.439256,36.592896
4.4278326,36.723785
4.41638,36.854553
4.4048877,36.9852
4.3933673,37.11572
4.381819,37.24611
4.3702435,37.376366
4.3586287,37.50649
4.3469872,37.636475
4.33532,37.76632
4.3236146,37.896023
4.3118834,38.02558
4.3001146,38.154995
4.288321,38.28426
4.276502,38.413372
4.264659,38.542328
4.25278,38.671127
4.2408767,38.799767
4.2289376,38.928246
4.216976,39.05656
4.204991,39.184708
4.1929836,39.312683
4.1809416,39.440487
4.168866,39.56812
4.1567807,39.69557
4.144662,39.822845
4.13251,39.94994
4.1203494,40.076847
4.108157,40.203568
4.0959325,40.3301
4.083688,40.456444
4.0714235,40.582592
4.0591397,40.70854
4.0468264,40.834293
4.0344934,40.959843
4.0221314,41.08519
4.0097513,41.21033
3.9973536,41.335262
3.9849272,41.459984
3.9724832,41.58449
3.9600115,41.708786
3.9475226,41.832863
3.9350176,41.95672
3.9224977,42.08035
3.9099507,42.203754
3.897377,42.326935
3.884789,42.449886
3.8721862,42.572605
3.859569,42.695087
3.8469272,42.817333
3.83426,42.939342
3.8215914,43.061108
3.808887,43.182632
3.7961817,43.30391
3.7834525,43.42494
3.770712,43.545715
3.7579484,43.66624
3.7451735,43.78651
3.732376,43.906525
3.7195687,44.02628
3.7067509,44.14577
3.693912,44.265
3.6810632,44.38396
3.6681938,44.502655
3.6553154,44.62108
3.642417,44.73923
3.6295102,44.85711
3.6165957,44.97471
3.6036625,45.09203
3.5907216,45.20907
3.5777743,45.32582
3.564809,45.442287
3.551826,45.558468
3.538837,45.67436
3.5258424,45.789955
3.512831,45.90526
3.499815,46.020264
3.4867826,46.13497
3.4737465,46.24938
3.4606948,46.363483
3.4476395,46.477283
3.434581,46.590775
3.421508,46.703957
3.408421,46.81683
3.3953316,46.92939
3.3822405,47.041634
3.369136,47.15356
3.3560305,47.265167
3.342913,47.376453
3.3297944,47.487415
3.3166647,47.598053
3.3035345,47.708363
3.2904048,47.81834
3.2772532,47.92799
3.264114,48.037304
3.2509646,48.146282
3.2378054,48.254925
3.2246485,48.363228
3.211494,48.471188
3.1983306,48.578804
3.185159,48.686077
3.1719902,48.793003
3.1588142,48.899582
3.1456418,49.00581
3.1324742,49.111683
3.1193004,49.2172
3.1061194,49.322365
3.0929437,49.42717
3.0797744,49.531612
3.066587,49.635696
3.0534186,49.739414
3.0402448,49.842766
3.0270667,49.94575
3.013896,50.048367
3.000721,50.15061
2.987554,50.252483
2.9743848,50.35398
2.9612231,50.4551
2.94806,50.555843
2.934894,50.656208
2.9217377,50.75619
2.9085917,50.85579
2.8954442,50.955
2.8822956,51.05383
2.8691583,51.152267
2.8560207,51.250317
2.8428948,51.347973
2.8297691,51.445236
2.8166559,51.542103
2.8035436,51.638573
2.7904325,51.734646
2.7773347,51.83032
2.7642508,51.925587
2.7511578,52.020454
2.7380784,52.114918
2.7250137,52.208973
2.7119524,52.30262
2.698895,52.39586
2.685853,52.488686
2.6728148,52.5811
2.659793,52.6731
2.6467762,52.764683
2.6337647,52.85585
2.6207702,52.946598
2.6077814,53.036926
2.5948105,53.12683
2.5818458,53.216312
2.5688884,53.30537
2.5559492,53.394
2.5430179,53.482204
2.5301058,53.569977
2.51719,53.657322
2.504306,53.744232
2.491419,53.83071
2.4785523,53.916756
2.4657068,54.00236
2.4528594,54.087532
2.4400334,54.172264
2.4272294,54.256554
2.414424,54.340405
2.4016528,54.42381
2.3888814,54.50677
2.3761334,54.589287
2.363397,54.671356
2.3506727,54.75298
2.3379722,54.834152
2.325284,54.914875
2.312621,54.995144
2.2999716,55.07496
2.2873354,55.15432
2.2747135,55.233227
2.262117,55.311676
2.2495356,55.389668
2.2369685,55.4672
2.2244284,55.544273
2.2119036,55.620884
2.1993945,55.697033
2.1869133,55.772717
2.1744485,55.847935
2.1620002,55.922688
2.149569,55.996975
2.1371665,56.070793
2.1247816,56.144142
2.1124263,56.21702
2.1000776,56.289425
2.087759,56.36136
2.0754588,56.43282
2.0631893,56.503803
2.0509276,56.574314
2.0386972,56.64435
2.0264862,56.713905
2.0143073,56.78298
2.002149,56.851578
1.9900117,56.919693
1.9778953,56.987328
1.9657998,57.05448
1.9537377,57.12115
1.9416976,57.187336
1.9296799,57.253036
1.917696,57.31825
1.9057236,57.382977
1.8937855,57.447216
1.881871,57.510967
1.8699915,57.574226
1.8581247,57.636997
1.8462934,57.699276
1.834487,57.761063
1.8227048,57.822357
1.8109595,57.883156
1.7992278,57.943462
1.7875333,58.003273
1.7758645,58.062588
1.7642219,58.121407
1.7526172,58.179726
1.7410277,58.23755
1.7294768,58.294872
1.7179528,58.351696
1.7064563,58.40802
1.6949995,58.46384
1.6835586,58.51916
1.6721579,58.57398
1.6607741,58.628296
1.6494308,58.68211
1.6381279,58.735416
1.6268431,58.78822
1.6155874,58.84052
1.6043733,58.89231
1.5931895,58.943596
1.5820361,58.994373
1.5709132,59.044643
1.559821,59.094406
1.5487603,59.14366
1.5377423,59.192406
1.5267447,59.240643
1.5157905,59.28837
1.5048679,59.335583
1.4939785,59.382286
1.4831213,59.42848
1.4722968,59.47416
1.4615175,59.519325
1.4507596,59.56398
1.4400471,59.60812
1.4293573,59.65175
1.4187129,59.694862
1.4081029,59.73746
1.3975278,59.779545
1.3869873,59.821114
1.376482,59.862167
1.3660121,59.902706
1.3555895,59.942726
1.3451911,59.98223
1.3348284,60.02122
1.3245139,60.059692
1.3142359,60.097645
1.3039832,60.135082
1.2937789,60.172
1.2836123,60.2084
1.273483,60.24428
1.2633796,60.279648
1.2533255,60.314495
1.2433095,60.348824
1.2333319,60.382633
1.2234044,60.41592
1.2135048,60.44869
1.203644,60.480938
1.1938224,60.51267
1.1840401,60.54388
1.1743093,60.57457
1.1646066,60.60474
1.1549442,60.63439
1.1453218,60.663525
1.1357517,60.692135
1.1262107,60.720226
1.1167109,60.7478
1.1072638,60.77485
1.0978465,60.80138
1.0884826,60.82739
1.079149,60.85288
1.0698569,60.87785
1.0606191,60.902298
1.0514121,60.926228
1.0422475,60.94964
1.0331376,60.972527
1.0240588,60.994896
1.0150235,61.016747
1.0060315,61.03808
0.99709463,61.058887
0.9881904,61.079178
0.97933006,61.09895
0.97051406,61.118202
0.96174216,61.136936
0.95301485,61.15515
0.9443326,61.172848
0.9356952,61.190025
0.9271033,61.206684
0.91855645,61.222824
0.9100437,61.23845
0.9015882,61.253555
0.89317846,61.268143
0.8848033,61.282215
0.87648606,61.29577
0.86820364,61.308807
0.8599677,61.32133
0.8517902,61.333336
0.8436482,61.344826
0.8355534,61.3558
0.8275058,61.36626
0.81950593,61.376205
0.8115418,61.38564
0.803637,61.394558
0.7957804,61.40296
0.7879605,61.410854
0.78020024,61.418232
0.7724769,61.4251
0.76480246,61.431454
0.7571764,61.437298
0.7495997,61.44263
0.74207187,61.447453
0.73459363,61.451763
0.7271533,61.455566
0.71977377,61.45886
0.71243286,61.461643
0.7051418,61.46392
0.69790053,61.46569
0.6907096,61.466953
0.68356895,61.46771
0.6764674,61.46796
0.6686473,61.467957
0.66006064,61.467953
0.6514621,61.467953
0.64287496,61.467953
0.63428783,61.467953
0.6257007,61.467953
0.6171136,61.467953
0.60852647,61.467953
0.59993935,61.467953
0.5913522,61.467953
0.5827651,61.467953
0.574178,61.467953
0.5655911,61.467953
0.557004,61.467953
0.54841685,61.467953
0.53982973,61.467953
0.5312426,61.467953
0.5226555,61.467953
0.51406837,61.467953
0.50548124,61.467953
0.49689412,61.467953
0.488307,61.467953
0.47971988,61.467953
0.47113276,61.467953
0.46254563,61.467953
0.4539585,61.467953
0.4453714,61.467953
0.43678427,61.467953
0.42819715,61.467953
0.41961002,61.467953
0.41102314,61.467953
0.40243602,61.467953
0.3938489,61.467953
0.38526177,61.467953
0.37667465,61.467953
0.36808753,61.467953
0.3595004,61.467953
0.3509133,61.467953
0.34232616,61.467953
0.33373904,61.467953
0.32515192,61.467953
0.3165648,61.467953
0.30797768,61.467953
0.29939055,61.467953
0.29080343,61.467953
0.2822163,61.467953
0.2736292,61.467953
0.26504207,61.467953
0.25645494,61.467953
0.24786806,61.467953
0.23928094,61.467953
0.23069382,61.467953
0.2221067,61.467953
0.21351957,61.467953
0.20493245,61.467953
0.19634533,61.467953
0.1877582,61.467953
0.17917109,61.467953
0.17058396,61.467953
0.16199684,61.467953
0.15340972,61.467953
0.1448226,61.467953
0.13623548,61.467953
0.12764835,61.467953
0.11906123,61.467953
0.11047411,61.467953
0.10188699,61.467953
0.093299866,61.467953
0.08471298,61.467953
0.07612586,61.467953
0.06753874,61.467953
0.058951616,61.467953
0.050364494,61.467953
0.041777372,61.467953
0.03319025,61.467953
0.024603128,61.467953
0.016016006,61.467953
0.0074288845,61.467953
-0.0011582375,61.467953
-0.009745359,61.467953
-0.018332481,61.467953
-0.026919603,61.467953
-0.035506725,61.467953
-0.044093847,61.467953
-0.05268097,61.467953
-0.06126809,61.467953
-0.069854975,61.467953
-0.0784421,61.467953
-0.08702922,61.467953
-0.09561634,61.467953
-0.10420346,61.467953
-0.112790585,61.467953
-0.12137771,61.467953
-0.12996483,61.467953
-0.13855195,61.467953
-0.14713907,61.467953
-0.1557262,61.467953
-0.16431332,61.467953
-0.17290044,61.467953
-0.18148756,61.467953
-0.19007456,61.467953
-0.19866168,61.467953
-0.2072488,61.467953
-0.21583593,61.467953
-0.22442305,61.467953
-0.23301017,61.467953
-0.2415973,61.467953
-0.25018442,61.467953
-0.25877154,61.467953
-0.26735866,61.467953
-0.27594566,61.467953
-0.2845328,61.467953
-0.2931199,61.467953
-0.30170703,61.467953
-0.31029415,61.467953
-0.31888127,61.467953
-0.3274684,61.467953
-0.33605552,61.467953
-0.34464264,61.467953
-0.35322964,61.467953
-0.36181676,61.467953
-0.3704039,61.467953
-0.378991,61.467953
-0.38757813,61.467953
-0.39616525,61.467953
-0.40475237,61.467953
-0.4133395,61.467953
-0.42192662,61.467953
-0.43051362,61.467953
-0.43910074,61.467953
-0.44768786,61.467953
-0.456275,61.467953
-0.4648621,61.467953
-0.47344923,61.467953
-0.48203635,61.467953
-0.49062347,61.467953
-0.4992106,61.467953
-0.5077976,61.467953
-0.51638484,61.467953
-0.5249721,61.467953
-0.5335593,61.467953
-0.54214644,61.467953
-0.5507337,61.467953
-0.5593209,61.467953
-0.56790805,61.467953
-0.5764953,61.467953
-0.58508253,61.467953
-0.5936698,61.467953
-0.6022569,61.467953
-0.61084414,61.467953
-0.6194314,61.467953
-0.6280185,61.467953
-0.63660574,61.467953
-0.645193,61.467953
-0.6537802,61.467953
-0.66236734,61.467953
-0.6709546,61.467953
-0.6795418,61.467953
-0.68812895,61.467953
-0.6967162,61.467953
-0.70530343,61.467953
-0.7138907,61.467953
-0.7224778,61.467953
-0.73106503,61.467953
-0.7396523,61.467953
-0.7482394,61.467953
-0.75682664,61.467953
-0.7654139,61.467953
-0.7740011,61.467953
-0.78258824,61.467953
-0.7911755,61.467953
-0.7997627,61.467953
-0.80834985,61.467953
-0.8169371,61.467953
-0.82552433,61.467953
-0.8341116,61.467953
-0.8426987,61.467953
-0.85128593,61.467953
-0.8598732,61.467953
-0.8684603,61.467953
-0.87704754,61.467953
-0.8856348,61.467953
-0.894222,61.467953
-0.90280914,61.467953
-0.9113964,61.467953
-0.9199836,61.467953
-0.92857075,61.467953
-0.937158,61.467953
-0.9457452,61.467953
-0.9543325,61.467953
-0.9629196,61.467953
-0.97150683,61.467953
-0.9800941,61.467953
-0.9886812,61.467953
-0.99726844,61.467953
-1.0058557,61.467953
-1.0144428,61.467953
-1.02303,61.467953
-1.0316173,61.467953
-1.0402045,61.467953
-1.0487916,61.467953
-1.0573789,61.467953
-1.0659661,61.467953
-1.0745533,61.467953
-1.0831405,61.467953
-1.0917277,61.467953
-1.100315,61.467953
-1.1089021,61.467953
-1.1174893,61.467953
-1.1260766,61.467953
-1.1346637,61.467953
-1.143251,61.467953
-1.1518382,61.467953
-1.1604254,61.467953
-1.1690125,61.467953
-1.1775998,61.467953
-1.186187,61.467953
-1.1947742,61.467953
-1.2033614,61.467953
-1.2119486,61.467953
-1.2205358,61.467953
-1.2291231,61.467953
-1.2377102,61.467953
-1.2462974,61.467953
-1.2548847,61.467953
-1.2634718,61.467953
-1.2720591,61.467953
-1.2806463,61.467953
-1.2892334,61.467953
-1.2978207,61.467953
-1.3064079,61.467953
-1.314995,61.467953
-1.3235823,61.467953
-1.3321695,61.467953
-1.3407567,61.467953
-1.3493438,61.467953
-1.3579309,61.467953
-1.366518,61.467953
-1.3751053,61.467953
-1.3836924,61.467953
-1.3922796,61.467953
-1.4008667,61.467953
-1.4094539,61.467953
-1.418041,61.467953
-1.4266281,61.467953
-1.4352154,61.467953
-1.4438026,61.467953
-1.4523897,61.467953
-1.4609768,61.467953
-1.469564,61.467953
-1.4781511,61.467953
-1.4867383,61.467953
-1.4953254,61.467953
-1.5039127,61.467953
-1.5124998,61.467953
-1.5210869,61.467953
-1.529674,61.467953
-1.5382612,61.467953
-1.5468484,61.467953
-1.5554357,61.467953
-1.5640228,61.467953
-1.5726099,61.467953
-1.581197,61.467953
-1.5897841,61.467953
-1.5983714,61.467953
-1.6069585,61.467953
-1.6155457,61.467953
-1.6241329,61.467953
-1.63272,61.467953
-1.6413071,61.467953
-1.6498942,61.467953
-1.6584815,61.467953
-1.6670686,61.467953
-1.6756558,61.467953
-1.684243,61.467953
-1.6928301,61.467953
-1.7014172,61.467953
-1.7100044,61.467953
-1.7185916,61.467953
-1.7271787,61.467953
-1.7357659,61.467953
-1.744353,61.467953
-1.7529403,61.467953
-1.7615274,61.467953
-1.7701147,61.467953
-1.7787018,61.467953
-1.787289,61.467953
-1.7958761,61.467953
-1.8044634,61.467953
-1.8130505,61.467953
-1.8216377,61.467953
-1.8302249,61.467953
-1.8388121,61.467953
-1.8473992,61.467953
-1.8559865,61.467953
-1.8645736,61.467953
-1.8731608,61.467953
-1.881748,61.467953
-1.8903352,61.467953
-1.8989223,61.467953
-1.9075096,61.467953
-1.9160967,61.467953
-1.9246839,61.467953
-1.933271,61.467953
-1.9418583,61.467953
-1.9504454,61.467953
-1.9590327,61.467953
-1.9676198,61.467953
-1.976207,61.467953
-1.9847941,61.467953
-1.9933814,61.467953
-2.0019686,61.467953
-2.0105557,61.467953
-2.0191429,61.467953
-2.02773,61.467953
-2.0363173,61.467953
-2.0449045,61.467953
-2.0534916,61.467953
-2.0620787,61.467953
-2.070666,61.467953
-2.0792532,61.467953
-2.0878403,61.467953
-2.0964274,61.467953
-2.1050148,61.467953
-2.113602,61.467953
-2.122189,61.467953
-2.1307762,61.467953
-2.1393635,61.467953
-2.1479506,61.467953
-2.1565378,61.467953
-2.165125,61.467953
-2.1737123,61.467953
-2.1822994,61.467953
-2.1908865,61.467953
-2.1994736,61.467953
-2.208061,61.467953
-2.216648,61.467953
-2.2252352,61.467953
-2.2338223,61.467953
-2.2424097,61.467953
-2.2509968,61.467953
-2.259584,61.467953
-2.268171,61.467953
-2.2767584,61.467953
-2.2853456,61.467953
-2.2939327,61.467953
-2.3025198,61.467953
-2.3111072,61.467953
-2.3196943,61.467953
-2.3282814,61.467953
-2.3368688,61.467953
-2.345456,61.467953
-2.354043,61.467953
-2.3626301,61.467953
-2.3712173,61.467953
-2.3798046,61.467953
-2.3883917,61.467953
-2.3969789,61.467953
-2.4055662,61.467953
-2.4141533,61.467953
-2.4227405,61.467953
-2.4313276,61.467953
-2.4399147,61.467953
-2.448502,61.467953
-2.4570892,61.467953
-2.4656763,61.467953
-2.4742637,61.467953
-2.4828508,61.467953
-2.491438,61.467953
-2.500025,61.467953
-2.5086122,61.467953
-2.5171878,61.46795
-2.5257626,61.46794
-2.5343254,61.467926
-2.5428872,61.467903
-2.551437,61.46787
-2.5599732,61.46782
-2.5685081,61.467754
-2.5770295,61.46767
-2.5855372,61.467564
-2.5940425,61.467434
-2.6025455,61.46728
-2.6110225,61.4671
-2.6195083,61.46689
-2.6279674,61.466644
-2.636423,61.466366
-2.644875,61.466053
-2.6533117,61.465702
-2.6617327,61.46531
-2.6701493,61.464874
-2.6785498,61.464394
-2.6869454,61.463867
-2.6953244,61.46329
-2.7036982,61.462666
-2.7120547,61.461987
-2.720394,61.46125
-2.728727,61.460457
-2.737054,61.459606
-2.7453635,61.458694
-2.7536542,61.457718
-2.7619383,61.456676
-2.7702036,61.455566
-2.7784615,61.454388
-2.7867002,61.453136
-2.7949312,61.451813
-2.803154,61.450417
-2.8113575,61.448944
-2.819541,61.44739
-2.8277156,61.44576
-2.8358698,61.444042
-2.844015,61.44224
-2.852151,61.440357
-2.8602657,61.438385
-2.8683593,61.43632
-2.8764427,61.434166
-2.8845162,61.43192
-2.8925676,61.429577
-2.9005969,61.427135
-2.908615,61.424595
-2.9166222,61.421955
-2.9246068,61.419212
-2.9325795,61.416367
-2.9405413,61.413418
-2.9484794,61.410362
-2.9563937,61.407196
-2.9642959,61.40392
-2.9721854,61.40053
-2.9800506,61.39703
-2.987903,61.393414
-2.9957306,61.38968
-3.0035448,61.385826
-3.0113459,61.381855
-3.0191212,61.37776
-3.026883,61.373547
-3.0346189,61.369205
-3.0423403,61.36474
-3.0500476,61.360146
-3.0577283,61.355423
-3.0653944,61.35057
-3.0730333,61.345585
-3.080657,61.340466
-3.0882654,61.335213
-3.0958462,61.329823
-3.1034112,61.324295
-3.1109483,61.318626
-3.118469,61.312817
-3.1259732,61.306866
-3.133461,61.300774
-3.1409202,61.294537
-3.1483622,61.288155
-3.1557755,61.281624
-3.1631713,61.274944
-3.1705494,61.268116
-3.1778982,61.261135
-3.1852286,61.254
-3.1925411,61.246716
-3.1998231,61.239273
-3.2070868,61.231674
-3.2143316,61.22392
-3.2215457,61.216003
-3.2287407,61.207928
-3.2359161,61.19969
-3.2430727,61.191296
-3.2501974,61.182735
-3.2573028,61.17401
-3.2643762,61.16512
-3.2714405,61.156063
-3.2784734,61.14684
-3.2854738,61.137444
-3.2924652,61.12788
-3.299424,61.118145
-3.3063617,61.10824
-3.313266,61.098156
-3.3201492,61.0879
-3.3270104,61.077465
-3.3338497,61.066856
-3.3406672,61.056072
-3.3474512,61.04511
-3.3542128,61.033966
-3.3609517,61.022644
-3.3676565,61.01114
-3.374338,60.99945
-3.3809967,60.98758
-3.387632,60.975525
-3.3942442,60.963287
-3.4008214,60.950863
-3.4073749,60.93825
-3.4139044,60.925453
-3.4203982,60.912464
-3.4268677,60.899284
-3.4333248,60.885918
-3.439734,60.872356
-3.44613,60.858604
-3.4525013,60.84466
-3.458836,60.830524
-3.4651458,60.816193
-3.4714303,60.801666
-3.4776773,60.78694
-3.4839108,60.772022
-3.4901066,60.756905
-3.4962766,60.74159
-3.5024204,60.726074
-3.5085382,60.71036
-3.514618,60.694447
-3.5206828,60.678333
-3.5267096,60.662018
-3.5327096,60.6455
-3.5386825,60.62878
-3.5446167,60.611855
-3.5505352,60.594727
-3.5564146,60.577393
-3.5622666,60.559853
-3.568091,60.542107
-3.5738873,60.524155
-3.5796561,60.505997
-3.5853968,60.487633
-3.5910976,60.46906
-3.5967698,60.450275
-3.6024137,60.431282
-3.608029,60.41208
-3.613615,60.392666
-3.6191726,60.373043
-3.624701,60.35321
-3.6301885,60.333164
-3.6356587,60.31291
-3.641088,60.29244
-3.6464877,60.271755
-3.6518574,60.25086
-3.6571975,60.229748
-3.6625075,60.208424
-3.6677878,60.186886
-3.673026,60.16513
-3.6782455,60.14316
-3.683423,60.120975
-3.6885815,60.098576
-3.693698,60.07596
-3.6987834,60.053123
-3.7038379,60.03007
-3.7088614,60.0068
-3.7138538,59.983315
-3.7188148,59.95961
-3.7237444,59.935688
-3.728631,59.911545
-3.7334976,59.887184
-3.7383208,59.862602
-3.7431235,59.837803
-3.747883,59.812782
-3.752622,59.787544
-3.757317,59.762085
-3.7619798,59.736404
-3.7666218,59.710506
-3.7712202,59.684387
-3.7757854,59.658047
-3.7803183,59.631485
-3.7848177,59.604702
-3.7892847,59.577698
-3.7937186,59.550472
-3.7981193,59.523026
-3.802487,59.495358
-3.8068209,59.46747
-3.811122,59.439358
-3.8153777,59.411022
-3.819611,59.382465
-3.823811,59.353687
-3.8279772,59.324688
-3.8321095,59.295467
-3.8361964,59.26602
-3.8402603,59.236355
-3.8442903,59.206467
-3.8482862,59.176357
-3.8522477,59.146027
-3.856163,59.11547
-3.8600554,59.084694
-3.8639135,59.053696
-3.8677366,59.022476
-3.8715253,58.991035
-3.8752673,58.95937
-3.878986,58.927483
-3.8826694,58.895374
-3.8863177,58.863045
-3.8899312,58.830494
-3.8935094,58.79772
-3.8970523,58.76473
-3.9005594,58.731514
-3.9040318,58.69808
-3.9074678,58.66442
-3.9108686,58.630543
-3.9142332,58.596443
-3.917574,58.562126
-3.920868,58.527588
-3.9241252,58.49283
-3.9273586,58.45785
-3.930544,58.422653
-3.9337049,58.387238
-3.9368181,58.3516
-3.939907,58.315746
-3.9429474,58.27967
-3.945963,58.243378
-3.9489422,58.206867
-3.9518852,58.17014
-3.954792,58.133194
-3.9576616,58.09603
-3.960495,58.05865
-3.9632912,58.021053
-3.9660506,57.98324
-3.9687848,57.94521
-3.9714708,57.906963
-3.974131,57.868504
-3.9767432,57.829826
-3.9793296,57.790936
-3.9818792,57.75183
-3.9843912,57.712513
-3.9868665,57.67298
-3.9893045,57.633236
-3.991705,57.593277
-3.9940681,57.553104
-3.9964056,57.512722
-3.998694,57.472126
-4.000956,57.43132
-4.0031695,57.3903
-4.005357,57.34907
-4.007507,57.307632
-4.0096188,57.265984
-4.011705,57.22413
-4.0137415,57.182064
-4.015741,57.13979
-4.0177135,57.09731
-4.019649,57.054623
-4.0215344,57.011726
-4.0233936,56.968624
-4.025227,56.92532
-4.027011,56.88181
-4.028756,56.838093
-4.0304756,56.794174
-4.032145,56.75005
-4.0337877,56.705723
-4.035393,56.661194
-4.03696,56.616463
-4.038501,56.571533
-4.0399914,56.5264
-4.0414557,56.48107
-4.0428705,56.43554
-4.044258,56.38981
-4.0456076,56.34388
-4.046931,56.297756
-4.048204,56.251434
-4.049439,56.204914
-4.050647,56.1582
-4.051817,56.11129
-4.0529485,56.064186
-4.054042,56.016888
-4.0551085,55.9694
-4.056125,55.921715
-4.057115,55.87384
-4.058067,55.825775
-4.05898,55.77752
-4.0598545,55.729073
-4.060703,55.68044
-4.061513,55.63162
-4.0622725,55.582607
-4.063005,55.53341
-4.063711,55.484028
-4.0643673,55.43446
-4.0649967,55.38471
-4.065588,55.334774
-4.0661407,55.284657
-4.066655,55.234356
-4.067131,55.183872
-4.06758,55.13321
-4.0679913,55.082367
-4.0683637,55.031345
-4.068698,54.980145
-4.068993,54.928764
-4.0692625,54.87721
-4.0694933,54.825478
-4.0696855,54.77357
-4.0698395,54.72149
-4.069967,54.669235
-4.070056,54.61681
-4.070107,54.564213
-4.07012,54.511444
-4.070094,54.458504
-4.0700417,54.405396
-4.0699515,54.35212
-4.0698233,54.298676
-4.0696564,54.245064
-4.0694633,54.191288
-4.0692205,54.137344
-4.0689507,54.083237
-4.068655,54.02897
-4.0683093,53.974537
-4.0679374,53.919945
-4.067528,53.865192
-4.0670795,53.81028
-4.066594,53.755207
-4.066082,53.699978
-4.0655317,53.644592
-4.0649443,53.58905
-4.06433,53.533356
-4.063667,53.477505
-4.0629773,53.4215
-4.06225,53.365345
-4.0614967,53.30904
-4.060694,53.252583
-4.0598655,53.195976
-4.0589995,53.13922
-4.058108,53.08232
-4.0571785,53.025276
-4.0562,52.968082
-4.0552073,52.910748
-4.054166,52.853268
-4.053098,52.795647
-4.051994,52.737885
-4.050852,52.67998
-4.049685,52.62194
-4.0484686,52.56376
-4.047239,52.505444
-4.0459604,52.44699
-4.0446563,52.388405
-4.043304,52.32968
-4.041938,52.27083
-4.0405235,52.21184
-4.039084,52.152725
-4.037607,52.09348
-4.0360947,52.034103
-4.034545,51.974598
-4.03297,51.914967
-4.0313587,51.85521
-4.029722,51.79533
-4.0280385,51.735325
-4.02633,51.675198
-4.0245843,51.61495
-4.0228148,51.55458
-4.0210094,51.494095
-4.0191674,51.43349
-4.017289,51.37277
-4.0153875,51.31193
-4.013449,51.25098
-4.011475,51.189915
-4.009477,51.12874
-4.007432,51.067448
-4.005374,51.00605
-4.003269,50.944542
-4.00114,50.882927
-3.9989762,50.821205
-3.9967766,50.759377
-3.994553,50.697445
-3.9922829,50.635406
-3.9900012,50.57327
-3.9876728,50.51103
-3.9853206,50.44869
-3.9829335,50.38625
-3.9805117,50.32371
-3.9780664,50.261078
-3.975587,50.19835
-3.973073,50.135525
-3.9705358,50.07261
-3.9679642,50.0096
-3.9653583,49.946503
-3.9627295,49.883316
-3.9600668,49.82004
-3.9573703,49.75668
-3.9546394,49.69323
-3.9518862,49.629696
-3.949099,49.56608
-3.946278,49.502377
-3.9434347,49.438595
-3.9405584,49.374733
-3.9376478,49.31079
-3.9347157,49.246773
-3.9317508,49.18268
-3.9287524,49.118507
-3.9257321,49.054264
-3.922679,48.98995
-3.9195933,48.92556
-3.9164858,48.861103
-3.913334,48.796574
-3.910173,48.73198
-3.9069676,48.667316
-3.9037414,48.60259
-3.9004827,48.537796
-3.8971915,48.47294
-3.89388,48.40802
-3.8905358,48.34304
-3.8871717,48.278004
-3.8837757,48.21291
-3.8803482,48.14776
-3.8768888,48.08255
-3.8734093,48.01729
-3.8698983,47.951973
-3.866356,47.886604
-3.862794,47.821186
-3.8592005,47.75572
-3.8555765,47.6902
-3.8519325,47.624638
-3.848258,47.55903
-3.844552,47.493374
-3.840828,47.427677
-3.8370728,47.36194
-3.8332872,47.296158
-3.829483,47.23034
-3.8256488,47.164482
-3.8217845,47.098587
-3.8178892,47.032654
-3.8139763,46.966686
-3.8100452,46.90069
-3.8060732,46.834656
-3.8020825,46.768593
-3.7980626,46.7025
-3.794025,46.63638
-3.7899582,46.570232
-3.7858624,46.50406
-3.781749,46.437862
-3.7776074,46.371643
-3.7734368,46.3054
-3.7692373,46.239136
-3.7650208,46.17285
-3.7607758,46.10655
-3.7565143,46.04023
-3.7522247,45.973896
-3.7479067,45.907547
-3.7435727,45.841187
-3.739211,45.774815
-3.7348216,45.70843
-3.7304044,45.642036
-3.7259712,45.575634
-3.721511,45.509224
-3.717035,45.44281
-3.712532,45.376392
-3.7080023,45.30997
-3.7034576,45.24355
-3.6988742,45.177124
-3.6942878,45.110703
-3.6896632,45.04428
-3.6850238,44.977863
-3.6803582,44.91145
-3.6756783,44.845043
-3.6709728,44.778645
-3.6662412,44.712254
-3.661484,44.64587
-3.656713,44.5795
-3.6519163,44.513138
-3.6471064,44.446793
-3.6422715,44.380463
-3.6374116,44.314148
-3.6325266,44.24785
-3.6276286,44.18157
-3.6227057,44.115307
-3.61777,44.04907
-3.6128101,43.982853
-3.6078262,43.91666
-3.6028183,43.85049
-3.5977976,43.784348
-3.5927532,43.71823
-3.5876973,43.652145
-3.5826175,43.58609
-3.577515,43.520065
-3.5723886,43.45407
-3.5672507,43.38811
-3.5620902,43.322186
-3.5569181,43.256298
-3.551712,43.190445
-3.5465066,43.124634
-3.5412674,43.05886
-3.5360174,42.99313
-3.5307455,42.92744
-3.5254512,42.861794
-3.5201466,42.796192
-3.5148206,42.730637
-3.509473,42.665127
-3.5041156,42.599667
-3.498737,42.534256
-3.493349,42.4689
-3.4879284,42.40359
-3.4824984,42.338337
-3.4770596,42.27314
-3.4715889,42.207996
-3.4661088,42.14291
-3.4606206,42.077885
-3.4551005,42.012917
-3.449572,41.94801
-3.4440238,41.883163
-3.4384677,41.818382
-3.432892,41.753666
-3.4272974,41.689014
-3.4216945,41.62443
-3.416073,41.559917
-3.4104323,41.495472
-3.4047732,41.431095
-3.399107,41.36679
-3.3934224,41.30256
-3.3877308,41.238403
-3.3820217,41.174324
-3.3762944,41.11032
-3.3705497,41.046394
-3.364798,40.982548
-3.3590295,40.91878
-3.3532434,40.855095
-3.3474512,40.791492
-3.3416421,40.727974
-3.3358161,40.66454
-3.3299851,40.601192
-3.324126,40.53793
-3.3182733,40.47476
-3.312393,40.411674
-3.3065078,40.348682
-3.300607,40.28578
-3.2947016,40.222977
-3.288769,40.160263
-3.2828321,40.097645
-3.276892,40.035126
-3.2709246,39.972702
-3.264954,39.910378
-3.2589803,39.848156
-3.25298,39.786034
-3.2469764,39.724014
-3.2409587,39.662098
-3.2349384,39.60029
-3.2288923,39.53858
-3.2228553,39.476986
-3.2167928,39.415497
-3.2107286,39.35412
-3.2046509,39.29285
-3.1985598,39.231693
-3.1924553,39.170647
-3.1863492,39.109715
-3.1802301,39.048897
-3.1741102,38.988197
-3.1679661,38.927612
-3.1618211,38.867146
-3.1556756,38.8068
-3.149506,38.746574
-3.1433365,38.68647
-3.1371553,38.626488
-3.130974,38.56663
-3.1247814,38.5069
-3.1185772,38.447296
-3.1123621,38.387817
-3.1061478,38.32847
-3.0999107,38.269245
-3.0936863,38.210155
-3.08744,38.151196
-3.081195,38.09237
-3.0749395,38.033676
-3.0686743,37.975117
-3.0624108,37.916695
-3.0561259,37.858406
-3.0498428,37.800255
-3.0435622,37.742245
-3.0372605,37.684372
-3.0309618,37.62664
-3.0246656,37.569054
-3.0183492,37.51161
-3.0120356,37.454308
-3.0057137,37.397152
-2.9993834,37.34014
-2.993057,37.28328
-2.9867108,37.226562
-2.98038,37.17
-2.9740303,37.113583
-2.967673,37.057316
-2.9613197,37.0012
-2.9549594,36.94524
-2.9486039,36.889435
-2.94223,36.833782
-2.9358609,36.778286
-2.9294972,36.72295
-2.9231155,36.66777
-2.9167392,36.61275
-2.9103568,36.55789
-2.9039688,36.503193
-2.8975751,36.448654
-2.8911874,36.39428
-2.8847945,36.34007
-2.8783963,36.286022
-2.871993,36.23214
-2.8655965,36.178425
-2.8591955,36.124878
-2.8527896,36.0715
-2.8463912,36.01829
-2.8399768,35.965252
-2.83357,35.912384
-2.827159,35.859688
-2.8207562,35.807167
-2.8143384,35.754818
-2.8079286,35.702644
-2.8015156,35.650646
-2.795099,35.598824
-2.7886913,35.54718
-2.7822812,35.495716
-2.7758684,35.44443
-2.769453,35.393326
-2.7630355,35.3424
-2.7566273,35.291656
-2.750217,35.241096
-2.743805,35.19072
-2.737391,35.140526
-2.7309873,35.09052
-2.7245824,35.0407
-2.7181766,34.991066
-2.711769,34.94162
-2.7053728,34.892365
-2.6989646,34.843296
-2.6925664,34.79442
-2.6861684,34.74573
-2.6797817,34.69724
-2.6733832,34.648937
-2.6669967,34.60083
-2.6606102,34.552917
-2.654224,34.5052
-2.6478384,34.457676
-2.641465,34.41035
-2.6350927,34.363224
-2.6287217,34.316296
-2.6223516,34.269566
-2.6159825,34.223034
-2.6096268,34.176704
-2.603273,34.130577
-2.596921,34.084652
-2.590571,34.03893
-2.5842226,33.99341
-2.5778883,33.948093
-2.5715566,33.902985
-2.565216,33.858078
-2.558901,33.81338
-2.5525775,33.76889
-2.5462568,33.724606
-2.5399508,33.68053
-2.5336485,33.636665
-2.5273495,33.59301
-2.5210543,33.549564
-2.5147743,33.506332
-2.5084867,33.46331
-2.502215,33.4205
-2.4959476,33.377907
-2.4896848,33.335526
-2.483426,33.293358
-2.4771838,33.251408
-2.4709466,33.209675
-2.4647028,33.168156
-2.4584756,33.126854
-2.4522538,33.08577
-2.4460492,33.044907
-2.4398386,33.00426
-2.4336457,32.963837
-2.4274588,32.923634
-2.4212778,32.88365
-2.415103,32.84389
-2.4089344,32.80435
-2.4027724,32.765034
-2.3966286,32.72594
-2.390492,32.687073
-2.3843622,32.64843
-2.3782396,32.610012
-2.3721242,32.57182
-2.3660161,32.53385
-2.3599272,32.496113
-2.3538346,32.4586
-2.3477614,32.421314
-2.341696,32.38426
-2.335639,32.34743
-2.3295903,32.310833
-2.3235497,32.274464
-2.3175294,32.238327
-2.3115063,32.20242
-2.3055036,32.166744
-2.2995102,32.1313
-2.2935257,32.096092
-2.2875504,32.061115
-2.2815847,32.02637
-2.2756343,31.991861
-2.2696934,31.957586
-2.2637684,31.923548
-2.2578478,31.889744
-2.251943,31.856176
-2.2460487,31.822845
-2.2401645,31.789751
-2.2342908,31.756893
-2.2284338,31.724274
-2.2225878,31.691893
-2.2167525,31.65975
-2.2109287,31.627846
-2.2051218,31.596182
-2.1993263,31.564758
-2.1935365,31.533573
-2.18777,31.50263
-2.1820095,31.471928
-2.1762667,31.441467
-2.17053,31.411247
-2.1648116,31.38127
-2.1591053,31.351534
-2.1534176,31.322042
-2.1477365,31.292793
-2.1420739,31.263788
-2.1364243,31.235027
-2.1307876,31.20651
-2.125164,31.178238
-2.1195598,31.150211
-2.113963,31.122429
-2.1083853,31.094893
-2.1028214,31.067602
-2.0972714,31.040558
-2.091735,31.01376
-2.0862188,30.98721
-2.080711,30.960905
-2.0752232,30.934849
-2.0697498,30.90904
-2.064291,30.88348
-2.058847,30.858168
-2.0534177,30.833103
-2.048009,30.808289
-2.0426097,30.783722
-2.0372314,30.759405
-2.0318682,30.735338
-2.0265207,30.711521
-2.021189,30.687954
-2.0158725,30.664637
-2.010572,30.64157
-2.0052931,30.618753
-2.0000246,30.596188
-1.9947782,30.573874
-1.989542,30.55181
-1.984328,30.529997
-1.9791303,30.508436
-1.9739499,30.487127
-1.968786,30.46607
-1.9636388,30.445265
-1.9585147,30.424713
-1.9534016,30.404413
-1.9483058,30.384365
-1.9432333,30.36457
-1.9381723,30.345028
-1.933135,30.325739
-1.9281151,30.306704
-1.9231131,30.287922
-1.9181232,30.269392
-1.9131571,30.251116
-1.9082088,30.233093
-1.9032792,30.215324
-1.8983679,30.19781
-1.893475,30.180548
-1.8886007,30.16354
-1.8837509,30.146788
-1.8789144,30.13029
-1.8740965,30.114044
-1.8692977,30.098053
-1.8645239,30.082317
-1.8597636,30.066835
-1.8550225,30.051607
-1.8503066,30.036634
-1.8456047,30.021915
-1.840928,30.007452
-1.8362652,29.993242
-1.8316224,29.979286
-1.8270055,29.965586
-1.8224026,29.952139
-1.8178259,29.938948
-1.8132635,29.92601
-1.8087273,29.913328
-1.8042058,29.9009
-1.7997048,29.888725
-1.7952305,29.876806
-1.790771,29.86514
-1.7863382,29.853731
-1.7819207,29.842575
-1.7775244,29.831673
-1.7731488,29.821024
-1.7688004,29.81063
-1.7644675,29.800491
-1.7601563,29.790606
-1.7558664,29.780973
-1.7515981,29.771595
-1.7473518,29.76247
-1.7431271,29.7536
-1.7389244,29.744982
-1.7347437,29.736618
-1.7305853,29.728508
-1.7264489,29.720652
-1.7223289,29.713047
-1.7182372,29.705696
-1.7141678,29.698599
-1.7101154,29.691753
-1.7060853,29.68516
-1.7020838,29.67882
-1.6980995,29.672731
-1.6941379,29.666895
-1.6901991,29.66131
-1.6862837,29.655977
-1.6823912,29.650896
-1.6785218,29.646067
-1.6746761,29.641489
-1.6708478,29.637161
-1.6670488,29.633085
-1.6632676,29.62926
-1.6595097,29.625683
-1.6557816,29.622358
-1.6520712,29.619284
-1.648385,29.616459
-1.6447169,29.613882
-1.6410784,29.611555
-1.6374638,29.609478
-1.6338677,29.607649
-1.6302959,29.606068
-1.6267482,29.604734
-1.6232309,29.603651
-1.6197267,29.602814
-1.6162523,29.602224
-1.6128029,29.601883
-1.609372,29.601788
-1.6055223,29.601795
-1.6013579,29.6018
-1.5971813,29.6018
-1.5930219,29.6018
-1.5888627,29.6018
-1.5847032,29.6018
-1.5805438,29.6018
-1.5763845,29.6018
-1.5722251,29.6018
-1.5680656,29.6018
-1.5639064,29.6018
-1.559747,29.6018
-1.5555875,29.6018
-1.5514283,29.6018
-1.5472689,29.6018
-1.5431094,29.6018
-1.5389502,29.6018
-1.5347908,29.6018
-1.5306313,29.6018
-1.5264719,29.6018
-1.5223126,29.6018
-1.5181532,29.6018
-1.5139937,29.6018
-1.5098345,29.6018
-1.5056751,29.6018
-1.5015156,29.6018
-1.4973564,29.6018
-1.493197,29.6018
-1.4890375,29.6018
-1.4848783,29.6018
-1.4807189,29.6018
-1.4765594,29.6018
-1.4724002,29.6018
-1.4682407,29.6018
-1.4640813,29.6018
-1.4599221,29.6018
-1.4557626,29.6018
-1.4516032,29.6018
-1.447444,29.6018
-1.4432845,29.6018
-1.4391251,29.6018
-1.4349656,29.6018
-1.4308064,29.6018
-1.426647,29.6018
-1.4224875,29.6018
-1.4183283,29.6018
-1.4141688,29.6018
-1.4100094,29.6018
-1.4058502,29.6018
-1.4016907,29.6018
-1.3975313,29.6018
-1.393372,29.6018
-1.3892126,29.6018
-1.3850532,29.6018
-1.380894,29.6018
-1.3767345,29.6018
-1.372575,29.6018
-1.3684158,29.6018
-1.3642564,29.6018
-1.3600969,29.6018
-1.3559377,29.6018
-1.3517783,29.6018
-1.3476188,29.6018
-1.3434594,29.6018
-1.3393002,29.6018
-1.3351407,29.6018
-1.3309813,29.6018
-1.326822,29.6018
-1.3226626,29.6018
-1.3185031,29.6018
-1.3143439,29.6018
-1.3101845,29.6018
-1.306025,29.6018
-1.3018658,29.6018
-1.2977064,29.6018
-1.2935469,29.6018
-1.2893877,29.6018
-1.2852283,29.6018
-1.2810688,29.6018
-1.2769096,29.6018
-1.2727501,29.6018
-1.2685907,29.6018
-1.2644312,29.6018
-1.260272,29.6018
-1.2561126,29.6018
-1.2519531,29.6018
-1.2477939,29.6018
-1.2436345,29.6018
-1.239475,29.6018
-1.2353158,29.6018
-1.2311563,29.6018
-1.2269969,29.6018
-1.2228377,29.6018
-1.2186782,29.6018
-1.2145188,29.6018
-1.2103596,29.6018
-1.2062001,29.6018
-1.2020407,29.6018
-1.1978815,29.6018
-1.193722,29.6018
-1.1895626,29.6018
-1.1854033,29.6018
-1.1812439,29.6018
-1.1770844,29.6018
-1.172925,29.6018
-1.1687658,29.6018
-1.1646063,29.6018
-1.1604469,29.6018
-1.1562877,29.6018
-1.1521282,29.6018
-1.1479688,29.6018
-1.1438096,29.6018
-1.1396501,29.6018
-1.1354907,29.6018
-1.1313314,29.6018
-1.127172,29.6018
-1.1230125,29.6018
-1.1188533,29.6018
-1.1146939,29.6018
-1.1105344,29.6018
-1.1063752,29.6018
-1.1022158,29.6018
-1.0980563,29.6018
-1.0938969,29.6018
-1.0897377,29.6018
-1.0855782,29.6018
-1.0814188,29.6018
-1.0772595,29.6018
-1.0731001,29.6018
-1.0689406,29.6018
-1.0647814,29.6018
-1.060622,29.6018
-1.0564625,29.6018
-1.0523033,29.6018
-1.0481439,29.6018
-1.0439844,29.6018
-1.0398252,29.6018
-1.0356658,29.6018
-1.0315063,29.6018
-1.0273471,29.6018
-1.0231876,29.6018
-1.0190282,29.6018
-1.014869,29.6018
-1.0107095,29.6018
-1.0065501,29.6018
-1.0023906,29.6018
-0.9982314,29.6018
-0.99407196,29.6018
-0.9899125,29.6018
-0.9857533,29.6018
-0.98159385,29.6018
-0.9774344,29.6018
-0.9732752,29.6018
-0.96911573,29.6018
-0.9649563,29.6018
-0.9607971,29.6018
-0.9566376,29.6018
-0.9524783,29.6018
-0.94831884,29.6018
-0.9441595,29.6018
-0.94000006,29.6018
-0.9358407,29.6018
-0.9316814,29.6018
-0.92752194,29.6018
-0.9233626,29.6018
-0.9192033,29.6018
-0.91504383,29.6018
-0.9108845,29.6018
-0.90672517,29.6018
-0.9025657,29.6018
-0.8984064,29.6018
-0.89424694,29.6018
-0.8900876,29.6018
-0.8859283,29.6018
-0.8817688,29.6018
-0.8776095,29.6018
-0.87345016,29.6018
-0.8692907,29.6018
-0.8651314,29.6018
-0.86097205,29.6018
-0.8568126,29.6018
-0.85265326,29.6018
-0.8484938,29.6018
-0.8443345,29.6018
-0.84017515,29.6018
-0.8360157,29.6018
-0.83185637,29.6018
-0.82769704,29.6018
-0.8235376,29.6018
-0.81937826,29.6018
-0.8152188,29.6018
-0.8110595,29.6018
-0.80690014,29.6018
-0.8027407,29.6018
-0.79858136,29.6018
-0.79442203,29.6018
-0.7902626,29.6018
-0.78610325,29.6018
-0.7819439,29.6018
-0.77778447,29.6018
-0.77362514,29.6018
-0.7694657,29.6018
-0.76530635,29.6018
-0.761147,29.6018
-0.7569876,29.6018
-0.75282824,29.6018
-0.7486689,29.6018
-0.74450946,29.6018
-0.7403501,29.6018
-0.7361908,29.6018
-0.73203135,29.6018
-0.727872,29.6018
-0.72371256,29.6018
-0.71955323,29.6018
-0.7153939,29.6018
-0.71123445,29.6018
-0.7070751,29.6018
-0.7029158,29.6018
-0.69875634,29.6018
-0.694597,29.6018
-0.6904377,29.6018
-0.6862782,29.6018
-0.6821189,29.6018
-0.67795944,29.6018
-0.6738001,29.6018
-0.6696408,29.6018
-0.6654813,29.6018
-0.661322,29.6018
-0.65716267,29.6018
-0.6530032,29.6018
-0.6488439,29.6018
-0.64468455,29.6018
-0.6405251,29.6018
-0.6363658,29.6018
-0.6322063,29.6018
-0.628047,29.6018
-0.62388766,29.6018
-0.6197282,29.6018
-0.6155689,29.6018
-0.61140954,29.6018
-0.6072501,29.6018
-0.60309076,29.6018
-0.5989313,29.6018
-0.5947721,29.6018
-0.59061277,29.6018
-0.58645356,29.6018
-0.5822942,29.6018
-0.578135,29.6018
-0.5739757,29.6018
-0.56981647,29.6018
-0.56565714,29.6018
-0.5614979,29.6018
-0.5573386,29.6018
-0.55317926,29.6018
-0.54902005,29.6018
-0.5448607,29.6018
-0.5407015,29.6018
-0.5365422,29.6018
-0.53238297,29.6018
-0.52822363,29.6018
-0.5240644,29.6018
-0.5199051,29.6018
-0.5157459,29.6018
-0.51158655,29.6018
-0.5074272,29.6018
-0.503268,29.6018
-0.49910867,29.6018
-0.49494946,29.6018
-0.49079013,29.6018
-0.48663092,29.6018
-0.4824716,29.6018
-0.47831237,29.6018
-0.47415304,29.6018
-0.46999383,29.6018
-0.4658345,29.6018
-0.46167517,29.6018
-0.45751595,29.6018
-0.45335662,29.6018
-0.4491974,29.6018
-0.44503808,29.6018
-0.44087887,29.6018
-0.43671954,29.6018
-0.43256032,29.6018
-0.428401,29.6018
-0.42424178,29.6018
-0.42008245,29.6018
-0.41592312,29.6018
-0.4117639,29.6018
-0.40760458,29.6018
-0.40344536,29.6018
-0.39928603,29.6018
-0.39512682,29.6018
-0.3909675,29.6018
-0.38680828,29.6018
-0.38264894,29.6018
-0.37848973,29.6018
-0.3743304,29.6018
-0.37017107,29.6018
-0.36601186,29.6018
-0.36185253,29.6018
-0.3576933,29.6018
-0.35353398,29.6018
-0.34937477,29.6018
-0.34521544,29.6018
-0.34105623,29.6018
-0.3368969,29.6018
-0.33273768,29.6018
-0.32857835,29.6018
-0.32441902,29.6018
-0.3202598,29.6018
-0.31610048,29.6018
-0.31194127,29.6018
-0.30778193,29.6018
-0.30362272,29.6018
-0.2994634,29.6018
-0.29530418,29.6018
-0.29114485,29.6018
-0.28698564,29.6018
-0.2828263,29.6018
-0.27866697,29.6018
-0.27450776,29.6018
-0.27034843,29.6018
-0.26618922,29.6018
-0.2620299,29.6018
-0.25787067,29.6018
-0.25371134,29.6018
-0.24955213,29.6018
-0.2453928,29.6018
-0.24123347,29.6018
-0.23707426,29.6018
-0.23291492,29.6018
-0.22875571,29.6018
-0.22459638,29.6018
-0.22043717,29.6018
-0.21627784,29.6018
-0.21211863,29.6018
-0.2079593,29.6018
-0.20380008,29.6018
-0.19964075,29.6018
-0.19548142,29.6018
-0.19132221,29.6018
-0.18716288,29.6018
-0.18300366,29.6018
-0.17884433,29.6018
-0.17468512,29.6018
-0.17052579,29.6018
-0.16636658,29.6018
-0.16220725,29.6018
-0.15804803,29.6018
-0.1538887,29.6018
-0.14972937,29.6018
-0.14557016,29.6018
-0.14141083,29.6018
-0.13725162,29.6018
-0.13309228,29.6018
-0.12893307,29.6018
-0.12477374,29.6018
-0.12061453,29.6018
-0.1164552,29.6018
-0.112295985,29.6018
-0.108136654,29.6018
-0.10397732,29.6018
-0.09981811,29.6018
-0.09565878,29.6018
-0.09149957,29.6018
-0.087340236,29.6018
-0.08318102,29.6018
-0.07902169,29.6018
-0.07486248,29.6018
-0.07070315,29.6018
-0.06654394,29.6018
-0.062384605,29.6018
-0.058225274,29.6018
-0.054066062,29.6018
-0.04990673,29.6018
-0.04574752,29.6018
-0.041588187,29.6018
-0.037428975,29.6018
-0.033269644,29.6018
-0.029110432,29.6018
-0.0249511,29.6018
-0.020791888,29.6018
-0.016632557,29.6018
-0.012473226,29.6018
-0.0083140135,29.6018
-0.004154682,29.6018
4.529953E-6,29.6018
0.0041638613,29.6018
0.008323073,29.6018
0.012482405,29.6018
0.016641617,29.6018
0.020800948,29.6018
0.02496016,29.6018
0.029119492,29.6018
0.033278823,29.6018
0.037438035,29.6018
0.041597307,29.6018
0.04575658,29.6018
0.04991585,29.6018
0.05407518,29.6018
0.058234453,29.6018
0.062393725,29.6018
0.066553,29.6018
0.07071227,29.6018
0.07487154,29.6018
0.07903081,29.6018
0.08319008,29.6018
0.087349355,29.6018
0.09150863,29.6018
0.09566796,29.6018
0.09982723,29.6018
0.1039865,29.6018
0.10814577,29.6018
0.112305045,29.6018
0.11646432,29.6018
0.12062359,29.6018
0.12478286,29.6018
0.12894213,29.6018
0.1331014,29.6018
0.13726068,29.6018
0.14142,29.6018
0.14557928,29.6018
0.14973855,29.6018
0.15389782,29.6018
0.1580571,29.6018
0.16221637,29.6018
0.16637564,29.6018
0.17053491,29.6018
0.17469418,29.6018
0.17885345,29.6018
0.18301272,29.6018
0.18717206,29.6018
0.19133133,29.6018
0.1954906,29.6018
0.19964987,29.6018
0.20380914,29.6018
0.20796841,29.6018
0.21212769,29.6018
0.21628696,29.6018
0.22044623,29.6018
0.2246055,29.6018
0.22876477,29.6018
0.2329241,29.6018
0.23708338,29.6018
0.24124265,29.6018
0.24540192,29.6018
0.24956119,29.6018
0.25372046,29.6018
0.25787973,29.6018
0.262039,29.6018
0.26619828,29.6018
0.27035755,29.6018
0.27451682,29.6018
0.27867615,29.6018
0.28283542,29.6018
0.2869947,29.6018
0.29115397,29.6018
0.29531324,29.6018
0.2994725,29.6018
0.30363178,29.6018
0.30779105,29.6018
0.31195033,29.6018
0.3161096,29.6018
0.32026893,29.6018
0.3244282,29.6018
0.32858747,29.6018
0.33274674,29.6018
0.33690602,29.6018
0.3410653,29.6018
0.34522456,29.6018
0.34938383,29.6018
0.3535431,29.6018
0.35770237,29.6018
0.36186165,29.6018
0.36602098,29.6018
0.37018025,29.6018
0.37433952,29.6018
0.3784988,29.6018
0.38265806,29.6018
0.38681734,29.6018
0.3909766,29.6018
0.39513588,29.6018
0.39929515,29.6018
0.40345442,29.6018
0.4076137,29.6018
0.41177303,29.6018
0.4159323,29.6018
0.42009157,29.6018
0.42425084,29.6018
0.4284101,29.6018
0.43256938,29.6018
0.43672866,29.6018
0.44088793,29.6018
0.4450472,29.6018
0.44920647,29.6018
0.45336574,29.6018
0.45752507,29.6018
0.46168435,29.6018
0.46584362,29.6018
0.4700029,29.6018
0.47416216,29.6018
0.47832143,29.6018
0.4824807,29.6018
0.48663998,29.6018
0.49079925,29.6018
0.49495852,29.6018
0.4991178,29.6018
0.5032771,29.6018
0.5074364,29.6018
0.51159567,29.6018
0.51575494,29.6018
0.5199142,29.6018
0.5240735,29.6018
0.52823275,29.6018
0.532392,29.6018
0.5365513,29.6018
0.54071057,29.6018
0.5448699,29.6018
0.5490291,29.6018
0.55318844,29.6018
0.5573477,29.6018
0.561507,29.6018
0.56566626,29.6018
0.56982553,29.6018
0.5739848,29.6018
0.5781441,29.6018
0.5823034,29.6018
0.5864626,29.6018
0.59062195,29.6018
0.59478116,29.6018
0.5989405,29.6018
0.60309976,29.6018
0.60725904,29.6018
0.6114183,29.6018
0.6155776,29.6018
0.61973685,29.6018
0.6238961,29.6018
0.62805545,29.6018
0.63221467,29.6018
0.636374,29.6018
0.6405332,29.6018
0.64469254,29.6018
0.6488518,29.6018
0.6530111,29.6018
0.65717036,29.6018
0.6613296,29.6018
0.6654889,29.6018
0.6696482,29.6018
0.6738075,29.6018
0.6779667,29.6018
0.68212605,29.6018
0.68628526,29.6018
0.6904446,29.6018
0.69460386,29.6018
0.69876313,29.6018
0.7029224,29.6018
0.7070817,29.6018
0.71124095,29.6018
0.7154002,29.6018
0.71955955,29.6018
0.72371876,29.6018
0.7278781,29.6018
0.7320373,29.6018
0.73619664,29.6018
0.7403559,29.6018
0.7445152,29.6018
0.74867445,29.6018
0.7528337,29.6018
0.756993,29.6018
0.76115227,29.6018
0.7653116,29.6018
0.7694708,29.6018
0.77363014,29.6018
0.77778935,29.6018
0.7819487,29.6018
0.78610796,29.6018
0.7902672,29.6018
0.7944265,29.6018
0.7985858,29.6018
0.80274504,29.6018
0.8069043,29.6018
0.81106365,29.6018
0.81522286,29.6018
0.8193822,29.6018
0.82354146,29.6018
0.82770073,29.6018
0.83186,29.6018
0.8360193,29.6018
0.84017855,29.6018
0.8443378,29.6018
0.8484971,29.6018
0.85265636,29.6018
0.8568157,29.6018
0.8609749,29.6018
0.86513424,29.6018
0.8692935,29.6018
0.8734528,29.6018
0.87761205,29.6018
0.8817713,29.6018
0.8859306,29.6018
0.89008987,29.6018
0.89424914,29.6018
0.8984084,29.6018
0.90256774,29.6018
0.90672696,29.6018
0.9108863,29.6018
0.91504556,29.6018
0.91920483,29.6018
0.9233641,29.6018
0.9275234,29.6018
0.93168265,29.6018
0.9358419,29.6018
0.9400012,29.6018
0.94416046,29.6018
0.9483198,29.6018
0.95247906,29.6018
0.95663834,29.6018
0.9607976,29.6018
0.9649569,29.6018
0.96911615,29.6018
0.9732754,29.6018
0.9774347,29.6018
0.98159397,29.6018
0.98575324,29.6018
0.9899125,29.6018
0.99407184,29.6018
0.9982311,29.6018
1.0023904,29.6018
1.0065497,29.6018
1.0107089,29.6018
1.0148683,29.6018
1.0190275,29.6018
1.0231868,29.6018
1.027346,29.6018
1.0315053,29.6018
1.0356647,29.6018
1.0398239,29.6018
1.0439832,29.6018
1.0481424,29.6018
1.0523018,29.6018
1.056461,29.6018
1.0606203,29.6018
1.0647795,29.6018
1.0689389,29.6018
1.0730982,29.6018
1.0772574,29.6018
1.0814167,29.6018
1.0855759,29.6018
1.0897353,29.6018
1.0938945,29.6018
1.0980538,29.6018
1.1022131,29.6018
1.1063724,29.6018
1.1105317,29.6018
1.1146909,29.6018
1.1188502,29.6018
1.1230094,29.6018
1.1271688,29.6018
1.131328,29.6018
1.1354873,29.6018
1.1396465,29.6018
1.1438059,29.6018
1.1479652,29.6018
1.1521244,29.6018
1.1562837,29.6018
1.160443,29.6018
1.1646023,29.6018
1.1687615,29.6018
1.1729208,29.6018
1.17708,29.6018
1.1812394,29.6018
1.1853986,29.6018
1.1895579,29.6018
1.1937172,29.6018
1.1978765,29.6018
1.2020358,29.6018
1.206195,29.6018
1.2103543,29.6018
1.2145135,29.6018
1.2186729,29.6018
1.2228321,29.6018
1.2269914,29.6018
1.2311506,29.6018
1.23531,29.6018
1.2394693,29.6018
1.2436285,29.6018
1.2477878,29.6018
1.251947,29.6018
1.2561064,29.6018
1.2602656,29.6018
1.2644249,29.6018
1.2685841,29.6018
1.2727435,29.6018
1.2769027,29.6018
1.281062,29.6018
1.2852213,29.6018
1.2893806,29.6018
1.2935399,29.6018
1.2976991,29.6018
1.3018584,29.6018
1.3060176,29.6018
1.310177,29.6018
1.3143363,29.6018
1.3184955,29.6018
1.3226547,29.6018
1.326814,29.6018
1.3309734,29.6018
1.3351326,29.6018
1.3392919,29.6018
1.3434511,29.6018
1.3476105,29.6018
1.3517697,29.6018
1.355929,29.6018
1.3600883,29.6018
1.3642476,29.6018
1.3684068,29.6018
1.3725661,29.6018
1.3767254,29.6018
1.3808846,29.6018
1.385044,29.6018
1.3892032,29.6018
1.3933625,29.6018
1.3975217,29.6018
1.4016811,29.6018
1.4058404,29.6018
1.4099996,29.6018
1.4141588,29.6018
1.4183182,29.6018
1.4224775,29.6018
1.4266367,29.6018
1.430796,29.6018
1.4349552,29.6018
1.4391146,29.6018
1.4432738,29.6018
1.4474331,29.6018
1.4515924,29.6018
1.4557517,29.6018
1.459911,29.6018
1.4640702,29.6018
1.4682295,29.6018
1.4723887,29.6018
1.4765481,29.6018
1.4807074,29.6018
1.4848666,29.6018
1.4890258,29.6018
1.4931852,29.6018
1.4973445,29.6018
1.5015037,29.6018
1.505663,29.6018
1.5098222,29.6018
1.5139816,29.6018
1.5181408,29.6018
1.5223001,29.6018
1.5264595,29.6018
1.5306187,29.6018
1.5347779,29.6018
1.5389372,29.6018
1.5430965,29.6018
1.5472558,29.6018
1.5514151,29.6018
1.5555744,29.6018
1.5597336,29.6018
1.5638928,29.6018
1.5680522,29.6018
1.5722115,29.6018
1.5763707,29.6018
1.5805299,29.6018
1.5846893,29.6018
1.5888486,29.6018
1.5930078,29.6018
1.5971671,29.6018
1.6013265,29.6018
1.6054857,29.6018
1.6096449,29.6018
1.6138042,29.6018
1.6179636,29.6018
1.6221228,29.6018
1.626282,29.6018
1.6304413,29.6018
1.6346006,29.6018
1.6387599,29.6018
1.6429192,29.6018
1.6470785,29.6018
1.6512377,29.6018
1.6553969,29.6018
1.6595563,29.6018
1.6637156,29.6018
1.6678748,29.6018
1.672034,29.6018
1.6761934,29.6018
1.6803527,29.6018
1.6845119,29.6018
1.6886712,29.6018
1.6928306,29.6018
1.6969898,29.6018
1.701149,29.6018
1.7053083,29.6018
1.7094676,29.6018
1.7136269,29.6018
1.7177861,29.6018
1.7219454,29.6018
1.7261047,29.6018
1.730264,29.6018
1.7344233,29.6018
1.7385826,29.6018
1.7427418,29.6018
1.746901,29.6018
1.7510604,29.6018
1.7552197,29.6018
1.7593789,29.6018
1.7635381,29.6018
1.7676975,29.6018
1.7718568,29.6018
1.776016,29.6018
1.7801753,29.6018
1.7843347,29.6018
1.7884939,29.6018
1.7926531,29.6018
1.7968124,29.6018
1.8009717,29.6018
1.805131,29.6018
1.8092902,29.6018
1.8134495,29.6018
1.8176088,29.6018
1.821768,29.6018
1.8259274,29.6018
1.8300867,29.6018
1.8342459,29.6018
1.8384051,29.6018
1.8425645,29.6018
1.8467238,29.6018
1.850883,29.6018
1.8550422,29.6018
1.8592016,29.6018
1.8633609,29.6018
1.8675201,29.6018
1.8716794,29.6018
1.8758388,29.6018
1.879998,29.6018
1.8841572,29.6018
1.8883165,29.6018
1.8924758,29.6018
1.896635,29.6018
1.9007943,29.6018
1.9049536,29.6018
1.9091129,29.6018
1.9132721,29.6018
1.9174315,29.6018
1.9215908,29.6018
1.92575,29.6018
1.9299092,29.6018
1.9340686,29.6018
1.9382279,29.6018
1.9423871,29.6018
1.9465463,29.6018
1.9507056,29.6018
1.954865,29.6018
1.9590242,29.6018
1.9631835,29.6018
1.9673429,29.6018
1.9715021,29.6018
1.9756613,29.6018
1.9798206,29.6018
1.98398,29.6018
1.9881392,29.6018
1.9922984,29.6018
1.9964577,29.6018
2.000617,29.6018
2.0047762,29.6018
2.0089355,29.6018
2.013095,29.6018
2.017254,29.6018
2.0214133,29.6018
2.0255728,29.6018
2.029732,29.6018
2.0338912,29.6018
2.0380504,29.6018
2.0422096,29.6018
2.046369,29.6018
2.0505283,29.6018
2.0546875,29.6018
2.058847,29.6018
2.0630062,29.6018
2.0671654,29.6018
2.0713248,29.6018
2.075484,29.6018
2.0796432,29.6018
2.0838027,29.6018
2.0879617,29.6018
2.0921211,29.6018
2.0962803,29.6018
2.1004395,29.6018
2.104599,29.6018
2.1087582,29.6018
2.1129174,29.6018
2.1170769,29.6018
2.121236,29.6018
2.1253953,29.6018
2.1295547,29.6018
2.1337137,29.6018
2.1378732,29.6018
2.1420324,29.6018
2.1461916,29.6018
2.150351,29.6018
2.1545103,29.6018
2.1586695,29.6018
2.162829,29.6018
2.1669881,29.6018
2.1711473,29.6018
2.1753068,29.6018
2.1794658,29.6018
2.1836252,29.6018
2.1877844,29.6018
2.1919436,29.6018
2.196103,29.6018
2.2002623,29.6018
2.2044215,29.6018
2.208581,29.6018
2.2127402,29.6018
2.2168994,29.6018
2.2210588,29.6018
2.2252178,29.6018
2.2293773,29.6018
2.2335365,29.6018
2.2376957,29.6018
2.2418551,29.6018
2.2460144,29.6018
2.2501736,29.6018
2.254333,29.6018
2.2584922,29.6018
2.2626514,29.6018
2.266811,29.6018
2.2709699,29.6018
2.2751293,29.6018
2.2792885,29.6018
2.2834477,29.6018
2.2876072,29.6018
2.2917664,29.6018
2.2959256,29.6018
2.300085,29.6018
2.3042443,29.6018
2.3084035,29.6018
2.312563,29.6018
2.316722,29.6018
2.3208814,29.6018
2.3250406,29.6018
2.3291998,29.6018
2.3333592,29.6018
2.3375185,29.6018
2.3416777,29.6018
2.345837,29.6018
2.3499963,29.6018
2.3541555,29.6018
2.358315,29.6018
2.362474,29.6018
2.3666334,29.6018
2.3707926,29.6018
2.3749518,29.6018
2.3791113,29.6018
2.3832705,29.6018
2.3874297,29.6018
2.3915892,29.6018
2.3957484,29.6018
2.3999076,29.6018
2.404067,29.6018
2.408226,29.6018
2.4123855,29.6018
2.4165447,29.6018
2.420704,29.6018
2.4248633,29.6018
2.4290226,29.6018
2.4331818,29.6018
2.4373412,29.6018
2.4415004,29.6018
2.4456596,29.6018
2.449819,29.6018
2.453978,29.6018
2.4581375,29.6018
2.4622967,29.6018
2.466456,29.6018
2.4706154,29.6018
2.4747746,29.6018
2.4789338,29.6018
2.4830933,29.6018
2.4872525,29.6018
2.4914117,29.6018
2.4955711,29.6018
2.49973,29.6018
2.5038896,29.6018
2.5080428,29.601803
2.512196,29.601807
2.516349,29.601812
2.5204902,29.601824
2.5246305,29.601841
2.5287702,29.601864
2.5329037,29.601894
2.5370302,29.601934
2.5411558,29.601984
2.5452745,29.602045
2.5493863,29.60212
2.5534964,29.602207
2.5576053,29.602308
2.561707,29.602425
2.5658011,29.602558
2.5698934,29.602709
2.573978,29.602879
2.5780606,29.603067
2.5821354,29.603277
2.586208,29.603508
2.5902724,29.603762
2.5943346,29.604038
2.5983884,29.60434
2.6024337,29.604668
2.6064758,29.605022
2.6105156,29.605404
2.6145463,29.605814
2.6185684,29.606255
2.6225872,29.606726
2.6266024,29.607227
2.6306086,29.607761
2.6346054,29.60833
2.6385984,29.608932
2.6425822,29.609571
2.6465619,29.610247
2.6505375,29.610958
2.6545033,29.611708
2.6584654,29.612495
2.662417,29.613323
2.6663585,29.614193
2.6703012,29.615103
2.6742277,29.616056
2.6781554,29.617052
2.682067,29.618093
2.685979,29.619179
2.6898804,29.62031
2.693771,29.621489
2.6976562,29.622715
2.7015362,29.62399
2.7054048,29.625313
2.7092624,29.626688
2.71312,29.628113
2.716966,29.62959
2.7208002,29.631119
2.7246284,29.632702
2.7284508,29.634338
2.7322612,29.63603
2.7360656,29.637777
2.7398577,29.639582
2.7436433,29.641443
2.7474222,29.643362
2.7511888,29.64534
2.754943,29.647379
2.7586958,29.649477
2.7624362,29.651636
2.7661695,29.653856
2.7698898,29.65614
2.773603,29.658485
2.7773027,29.660896
2.7809954,29.663372
2.7846804,29.665913
2.788352,29.66852
2.7920218,29.671192
2.795672,29.673933
2.7993202,29.67674
2.8029547,29.679617
2.8065753,29.682564
2.8101878,29.685581
2.8137918,29.68867
2.8173876,29.691828
2.8209689,29.695059
2.8245418,29.698362
2.828106,29.701738
2.831656,29.705189
2.835197,29.708714
2.838729,29.712313
2.842246,29.715988
2.8457541,29.71974
2.849253,29.723568
2.8527367,29.727474
2.856217,29.731457
2.8596764,29.73552
2.8631315,29.73966
2.866572,29.743881
2.8700023,29.748182
2.8734226,29.752563
2.8768277,29.757027
2.8802223,29.761572
2.8836074,29.7662
2.8869817,29.770908
2.8903403,29.775702
2.8936887,29.780579
2.8970265,29.78554
2.9003482,29.790586
2.9036589,29.79572
2.9069593,29.800938
2.9102488,29.806242
2.9135218,29.811634
2.91679,29.817112
2.920041,29.822678
2.9232752,29.828333
2.9265041,29.834076
2.929716,29.839909
2.9329166,29.84583
2.9361055,29.851843
2.9392774,29.857946
2.9424434,29.86414
2.945592,29.870424
2.948729,29.8768
2.9518483,29.88327
2.9549618,29.889832
2.9580574,29.896486
2.9611406,29.903234
2.9642122,29.910076
2.9672713,29.917011
2.9703128,29.924042
2.9733477,29.931166
2.9763641,29.938385
2.9793682,29.9457
2.982354,29.953112
2.985333,29.960619
2.9882932,29.968224
2.991241,29.975925
2.9941754,29.983725
2.9970975,29.991621
3.0000062,29.999615
3.0028963,30.007708
3.0057793,30.015898
3.008643,30.024187
3.0114934,30.032576
3.0143309,30.041063
3.0171485,30.049652
3.019959,30.05834
3.0227501,30.06713
3.0255332,30.076017
3.0282972,30.085007
3.031047,30.094097
3.0337834,30.103289
3.0365057,30.112581
3.0392082,30.121977
3.0419028,30.131474
3.0445774,30.141073
3.0472376,30.150776
3.0498838,30.160582
3.0525157,30.17049
3.0551336,30.180502
3.0577369,30.190617
3.0603259,30.200834
3.0628943,30.211157
3.0654542,30.221582
3.0679939,30.232113
3.0705245,30.242746
3.0730345,30.253485
3.0755298,30.264328
3.07801,30.275276
3.0804756,30.28633
3.082926,30.297487
3.0853617,30.30875
3.0877762,30.32012
3.0901814,30.331594
3.0925655,30.343176
3.0949402,30.354862
3.0972939,30.366655
3.0996377,30.378553
3.1019607,30.390558
3.1042678,30.40267
3.1065595,30.414888
3.108842,30.427212
3.1111023,30.439642
3.1133475,30.452179
3.1155765,30.464823
3.11779,30.477573
3.119988,30.49043
3.1221638,30.503397
3.1243293,30.51647
3.1264791,30.52965
3.1286128,30.542936
3.1307306,30.55633
3.132826,30.569832
3.1349115,30.58344
3.1369805,30.597157
3.1390276,30.610981
3.1410642,30.624912
3.1430843,30.63895
3.145082,30.653097
3.1470692,30.66735
3.1490343,30.681713
3.1509883,30.696182
3.152926,30.710758
3.154841,30.725443
3.1567454,30.740234
3.1586273,30.755135
3.160498,30.770142
3.162352,30.785255
3.1641834,30.800478
3.166004,30.815807
3.1678073,30.831244
3.1695879,30.846788
3.1713576,30.86244
3.1731098,30.878199
3.1748452,30.894064
3.1765575,30.910038
3.1782587,30.926119
3.1799424,30.942307
3.1816092,30.958601
3.1832585,30.975002
3.1848907,30.99151
3.1865056,31.008125
3.1881027,31.024847
3.189683,31.041676
3.1912456,31.05861
3.1927965,31.075651
3.1943243,31.092798
3.1958346,31.110052
3.197333,31.12741
3.198808,31.144876
3.2002711,31.162447
3.201711,31.180124
3.2031388,31.197906
3.204543,31.215796
3.2059355,31.23379
3.2073102,31.251888
3.208667,31.270092
3.2100062,31.2884
3.2113276,31.306814
3.2126305,31.325333
3.213922,31.343954
3.2151895,31.36268
3.2164452,31.38151
3.2176769,31.400444
3.2188964,31.419481
3.220092,31.438623
3.2212753,31.457869
3.2224407,31.477217
3.223588,31.496668
3.2247171,31.516222
3.225834,31.535877
3.2269268,31.555635
3.2280016,31.575497
3.229064,31.595459
3.230108,31.615522
3.2311282,31.635689
3.232136,31.655956
3.2331252,31.676325
3.2341022,31.696793
3.235055,31.717361
3.2359898,31.738031
3.2369118,31.7588
3.2378097,31.77967
3.238695,31.80064
3.2395616,31.821709
3.2404103,31.842876
3.2412403,31.864143
3.2420578,31.885508
3.2428513,31.906971
3.2436316,31.928532
3.244394,31.95019
3.2451377,31.971945
3.2458634,31.993797
3.24657,32.015747
3.2472646,32.037792
3.2479286,32.059937
3.2485857,32.082176
3.2492244,32.10451
3.2498443,32.12694
3.2504458,32.149467
3.251029,32.17209
3.2516053,32.1948
3.252151,32.21761
3.2526784,32.240513
3.2531986,32.263508
3.2536888,32.2866
3.2541723,32.30978
3.2546372,32.333054
3.2550836,32.35642
3.2554994,32.37988
3.255908,32.40343
3.25631,32.42707
3.256682,32.4508
3.257035,32.474625
3.2573698,32.49854
3.2576973,32.52254
3.2579944,32.546635
3.2582848,32.570816
3.2585564,32.595085
3.25881,32.619442
3.2590446,32.643887
3.2592607,32.66842
3.2594585,32.69304
3.2596374,32.717747
3.2597976,32.742542
3.2599506,32.76742
3.2600737,32.79239
3.2601898,32.81744
3.2602875,32.842575
3.2603667,32.867794
3.2604275,32.893097
3.2604697,32.918484
3.2604933,32.943954
3.2604983,32.96951
3.2604964,32.995144
3.2604642,33.020863
3.2604253,33.04666
3.2603562,33.072544
3.2602801,33.098507
3.2601857,33.12455
3.2600727,33.150673
3.2599413,33.176876
3.2598033,33.203156
3.2596352,33.229515
3.2594602,33.25595
3.2592556,33.282467
3.259044,33.30906
3.2588139,33.335728
3.2585654,33.362473
3.2582986,33.389294
3.2580137,33.41619
3.2577102,33.443165
3.2574,33.47021
3.2570598,33.497334
3.2567132,33.52453
3.2563484,33.551796
3.2559652,33.579136
3.255564,33.60655
3.2551444,33.634033
3.2547066,33.66159
3.254262,33.689217
3.253788,33.716915
3.2533073,33.744682
3.2528088,33.77252
3.2522924,33.800423
3.2517576,33.828396
3.251205,33.856438
3.2506456,33.884544
3.2500572,33.91272
3.2494624,33.94096
3.2488377,33.96927
3.2482066,33.997643
3.2475579,34.02608
3.2468913,34.054585
3.2462068,34.083153
3.2455158,34.111782
3.2447958,34.140476
3.2440693,34.16923
3.2433252,34.198048
3.2425635,34.226925
3.2417843,34.255863
3.2409873,34.284863
3.2401726,34.313923
3.239352,34.34304
3.238502,34.37222
3.2376463,34.401455
3.2367733,34.430748
3.2358823,34.4601
3.2349741,34.489506
3.2340484,34.51897
3.233117,34.54849
3.2321565,34.578064
3.2311904,34.607693
3.230207,34.637375
3.2292063,34.66711
3.2281888,34.6969
3.2271535,34.72674
3.2261128,34.756634
3.2250433,34.78658
3.2239685,34.816574
3.2228768,34.84662
3.221768,34.876713
3.2206419,34.906857
3.2194989,34.93705
3.218351,34.96729
3.217174,34.997578
3.2159922,35.027912
3.2147934,35.058292
3.2135782,35.08872
3.212346,35.11919
3.211109,35.149704
3.2098434,35.180264
3.208573,35.210865
3.2072742,35.241512
3.2059705,35.2722
3.2046506,35.302933
3.2033257,35.333702
3.201973,35.364513
3.2006154,35.395363
3.1992297,35.426254
3.1978395,35.457184
3.1964328,35.48815
3.1950104,35.519157
3.1935713,35.5502
3.1921282,35.58128
3.1906571,35.612396
3.1891816,35.643547
3.1876903,35.674732
3.1861827,35.70595
3.1846597,35.737206
3.1831322,35.76849
3.1815774,35.79981
3.1800184,35.831158
3.1784441,35.862537
3.1768537,35.893948
3.1752481,35.92539
3.1736267,35.95686
3.1720014,35.988358
3.170349,36.019886
3.1686928,36.05144
3.1670213,36.083023
3.1653345,36.11463
3.1636322,36.146267
3.1619265,36.177925
3.1601944,36.20961
3.1584585,36.241318
3.1567075,36.27305
3.1549413,36.304802
3.1531606,36.33658
3.1513648,36.368378
3.1495655,36.400196
3.14774,36.432037
3.1459112,36.463898
3.1440678,36.495777
3.1422095,36.527676
3.1403368,36.559593
3.138461,36.591526
3.1365592,36.623478
3.1346548,36.655445
3.1327357,36.687428
3.1308024,36.719425
3.128855,36.75144
3.1269047,36.783463
3.1249285,36.815502
3.12295,36.847553
3.1209579,36.879616
3.1189513,36.91169
3.1169312,36.943775
3.1149085,36.97587
3.1128604,37.007973
3.1108103,37.040085
3.1087465,37.072205
3.1066692,37.104332
3.1045783,37.136467
3.1024737,37.16861
3.1003673,37.200756
3.098236,37.23291
3.0961027,37.265068
3.093956,37.29723
3.0917964,37.329395
3.0896232,37.361565
3.0874488,37.393734
3.08525,37.425907
3.0830493,37.45808
3.080836,37.490253
3.0786097,37.522427
3.0763705,37.5546
3.07413,37.58677
3.0718658,37.61894
3.0696,37.651104
3.0673223,37.683266
3.0650318,37.715424
3.0627286,37.747578
3.060425,37.779724
3.0580976,37.811867
3.0557692,37.844
3.053429,37.87613
3.0510764,37.90825
3.048712,37.94036
3.0463355,37.972466
3.0439587,38.00456
3.0415583,38.036644
3.0391576,38.068718
3.0367455,38.10078
3.0343215,38.13283
3.0318978,38.164867
3.029451,38.19689
3.0270045,38.2289
3.0245347,38.2609
3.0220652,38.29288
3.0195842,38.32485
3.017104,38.356796
3.0146008,38.38873
3.0120983,38.420643
3.0095732,38.45254
3.0070488,38.48442
3.0045137,38.51628
3.001979,38.54812
2.9994226,38.579937
2.996855,38.611736
2.9942887,38.643513
2.991712,38.675266
2.9891248,38.706997
2.9865272,38.738705
2.9839191,38.77039
2.9813125,38.802048
2.9786842,38.833683
2.9760573,38.86529
2.9734206,38.896873
2.970774,38.92843
2.968129,38.959953
2.9654627,38.99145
2.9627984,39.02292
2.9601126,39.05436
2.957429,39.08577
2.9547355,39.11715
2.9520328,39.1485
2.9493325,39.179813
2.9466112,39.211098
2.9438922,39.242348
2.9411645,39.273563
2.9384272,39.304745
2.935681,39.33589
2.9329262,39.367004
2.930162,39.398083
2.9274008,39.429123
2.924631,39.460125
2.921841,39.491093
2.9190536,39.522022
2.9162695,39.55291
2.9134655,39.58376
2.9106529,39.61457
2.9078436,39.64534
2.9050262,39.676067
2.902201,39.706753
2.8993676,39.737396
2.896526,39.767998
2.8936768,39.798557
2.890831,39.82907
2.8879778,39.85954
2.885117,39.88996
2.8822484,39.920338
2.8793724,39.95067
2.876489,39.980953
2.8735979,40.011192
2.8707108,40.04138
2.8678174,40.07152
2.8649044,40.101616
2.8619962,40.13166
2.8590925,40.16165
2.8561707,40.191593
2.8532414,40.221485
2.8503172,40.251324
2.8473864,40.28111
2.844449,40.31084
2.8415053,40.34052
2.8385549,40.370144
2.835598,40.399715
2.8326347,40.429234
2.829677,40.458694
2.826713,40.4881
2.823743,40.517445
2.820767,40.546734
2.8177848,40.575966
2.8147972,40.60514
2.811815,40.634254
2.808816,40.66331
2.8058226,40.692307
2.8028238,40.72124
2.7998195,40.750114
2.7968097,40.778927
2.7937946,40.80768
2.7907743,40.83637
2.7877603,40.864994
2.7847412,40.893555
2.7817056,40.922054
2.7786765,40.95049
2.7756424,40.97886
2.7726152,41.00716
2.7695723,41.035397
2.766524,41.06357
2.7634833,41.09167
2.760438,41.119705
2.7573884,41.14767
2.7543342,41.175568
2.751276,41.203396
2.7482138,41.231155
2.745159,41.258842
2.7420883,41.28646
2.7390258,41.314007
2.7359593,41.34148
2.7328773,41.368885
2.729803,41.396217
2.726737,41.423473
2.7236557,41.450657
2.7205713,41.477768
2.7174947,41.504803
2.714415,41.53176
2.7113204,41.558647
2.708234,41.585457
2.7051446,41.61219
2.7020643,41.638844
2.6989694,41.66542
2.6958714,41.69192
2.6927822,41.71834
2.689679,41.744686
2.6865845,41.77095
2.6834874,41.797134
2.680388,41.82324
2.6772861,41.849262
2.674194,41.875202
2.6710882,41.901062
2.6679797,41.92684
2.6648808,41.952538
2.66178,41.97815
2.6586776,42.003677
2.6555734,42.02912
2.6524673,42.05448
2.6493595,42.079758
2.64625,42.10495
2.6431508,42.130054
2.6400385,42.155075
2.6369362,42.180008
2.6338332,42.204853
2.6307168,42.229614
2.627611,42.254288
2.624516,42.27887
2.6214082,42.303364
2.6182997,42.32777
2.6151903,42.35209
2.6120918,42.376316
2.6089928,42.40045
2.6058815,42.4245
2.602781,42.448456
2.5996807,42.47232
2.5965793,42.496094
2.593478,42.519775
2.590388,42.54336
2.5872862,42.566856
2.5841844,42.59026
2.5810943,42.613567
2.5780044,42.63678
2.5749032,42.6599
2.5718136,42.682926
2.5687244,42.705856
2.5656354,42.72869
2.562559,42.751427
2.5594714,42.774067
2.5563843,42.79661
2.55331,42.819057
2.5502243,42.841408
2.5471513,42.86366
2.5440793,42.88581
2.5409968,42.907867
2.5379267,42.929825
2.5348577,42.951683
2.531802,42.97344
2.5287356,42.995094
2.525671,43.01665
2.5226076,43.03811
2.5195572,43.059464
2.5165086,43.080715
2.5134501,43.101868
2.510405,43.122917
2.5073617,43.143864
2.5043206,43.164707
2.5012813,43.185448
2.498244,43.206085
2.4952092,43.22662
2.492176,43.24705
2.489157,43.267376
2.4861288,43.287598
2.4831147,43.307713
2.4800913,43.327724
2.4770823,43.34763
2.4740758,43.367428
2.4710608,43.387123
2.4680595,43.40671
2.4650612,43.426193
2.462066,43.445568
2.4590735,43.464836
2.4560962,43.483994
2.4531105,43.503044
2.4501276,43.521988
2.4471598,43.54082
2.4441838,43.559547
2.441223,43.578163
2.4382656,43.59667
2.4352999,43.615067
2.43235,43.633354
2.4294035,43.65153
2.4264607,43.669598
2.4235222,43.687553
2.4205873,43.7054
2.4176564,43.723133
2.4147298,43.740757
2.4118187,43.758266
2.4089003,43.775665
2.4059863,43.792953
2.4030883,43.810127
2.400183,43.82719
2.3972936,43.84414
2.3944092,43.860973
2.3915176,43.877697
2.3886423,43.894306
2.3857718,43.9108
2.3829062,43.92718
2.3800454,43.943447
2.3771899,43.9596
2.3743393,43.975636
2.3714936,43.991558
2.3686533,44.007366
2.365818,44.02306
2.363,44.038635
2.3601754,44.054096
2.3573563,44.069443
2.3545544,44.08467
2.3517466,44.099785
2.3489559,44.11478
2.346171,44.129658
2.3433802,44.14442
2.340607,44.159065
2.3378394,44.17359
2.3350663,44.188004
2.332311,44.202297
2.3295615,44.216473
2.3268185,44.23053
2.3240814,44.24447
2.3213508,44.25829
2.3186266,44.27199
2.3159087,44.285576
2.3131974,44.29904
2.310504,44.312386
2.307806,44.32561
2.3051147,44.33872
2.30243,44.351707
2.2997634,44.364574
2.2970924,44.377323
2.294428,44.389954
2.2917826,44.402462
2.2891324,44.414852
2.2865007,44.42712
2.2838647,44.43927
2.2812476,44.451298
2.2786381,44.463203
2.276024,44.47499
2.273429,44.486656
2.2708414,44.4982
2.2682498,44.509624
2.2656775,44.520927
2.2631128,44.53211
2.260556,44.543167
2.2580066,44.554104
2.2554653,44.56492
2.2529204,44.575615
2.2503946,44.58619
2.247877,44.59664
2.2453673,44.60697
2.2428656,44.61718
2.2403724,44.627266
2.2378874,44.63723
2.2354107,44.64707
2.232942,44.65679
2.2304819,44.66639
2.2280421,44.67586
2.2255993,44.68521
2.223165,44.69444
2.2207391,44.703545
2.218322,44.71253
2.2159138,44.72139
2.2135258,44.730125
2.2111351,44.73874
2.2087533,44.74723
2.2063804,44.7556
2.2040164,44.763847
2.201673,44.77197
2.1993275,44.77997
2.1969907,44.787846
2.1946633,44.7956
2.1923566,44.80323
2.1900477,44.810738
2.1877484,44.818123
2.1854699,44.825382
2.1831894,44.83252
2.1809185,44.839535
2.1786685,44.846424
2.1764169,44.85319
2.1741745,44.859837
2.1719537,44.866356
2.1697314,44.872753
2.1675184,44.87903
2.1653152,44.88518
2.1631336,44.89121
2.1609507,44.897114
2.1587775,44.902897
2.1566257,44.908554
2.154473,44.91409
2.15233,44.919502
2.1502092,44.92479
2.1480868,44.929955
2.1459746,44.934998
2.1438727,44.93992
2.141793,44.944714
2.1397123,44.949387
2.1376417,44.953938
2.1355815,44.958366
2.133544,44.96267
2.1315053,44.96685
2.1294773,44.97091
2.1274598,44.974846
2.1254532,44.97866
2.1234574,44.982353
2.1214721,44.985924
2.1195095,44.98937
2.1175466,44.99269
2.1155941,44.99589
2.113653,44.99897
2.1117227,45.001926
2.1098034,45.00476
2.1078954,45.007473
2.1059985,45.010063
2.104113,45.01253
2.1022387,45.014877
2.1003757,45.0171
2.0985122,45.019207
2.0966718,45.02119
2.0948427,45.023052
2.0930247,45.02479
2.0912187,45.02641
2.0894125,45.02791
2.0876293,45.029285
2.0858576,45.03054
2.084086,45.031677
2.0823379,45.032692
2.0806012,45.033585
2.078865,45.03436
2.0771518,45.03501
2.075439,45.035545
2.0737493,45.035957
2.0720603,45.03625
2.070383,45.036427
2.0687292,45.03648
2.0668747,45.03648
2.06486,45.03648
2.0628455,45.03648
2.0608308,45.03648
2.0588162,45.03648
2.0568016,45.03648
2.054787,45.03648
2.0527723,45.03648
2.0507576,45.03648
2.048743,45.03648
2.0467284,45.03648
2.0447135,45.03648
2.0426989,45.03648
2.0406842,45.03648
2.0386696,45.03648
2.036655,45.03648
2.0346403,45.03648
2.0326257,45.03648
2.030611,45.03648
2.0285964,45.03648
2.0265818,45.03648
2.0245671,45.03648
2.0225525,45.03648
2.0205379,45.03648
2.0185232,45.03648
2.0165086,45.03648
2.014494,45.03648
2.0124793,45.03648
2.0104647,45.03648
2.00845,45.03648
2.0064354,45.03648
2.0044208,45.03648
2.002406,45.03648
2.0003912,45.03648
1.9983766,45.03648
1.996362,45.03648
1.9943473,45.03648
1.9923327,45.03648
1.9903181,45.03648
1.9883034,45.03648
1.9862888,45.03648
1.9842741,45.03648
1.9822595,45.03648
1.9802449,45.03648
1.9782302,45.03648
1.9762156,45.03648
1.974201,45.03648
1.9721863,45.03648
1.9701717,45.03648
1.968157,45.03648
1.9661424,45.03648
1.9641278,45.03648
1.9621131,45.03648
1.9600983,45.03648
1.9580836,45.03648
1.956069,45.03648
1.9540544,45.03648
1.9520397,45.03648
1.9500251,45.03648
1.9480104,45.03648
1.9459958,45.03648
1.9439812,45.03648
1.9419665,45.03648
1.9399519,45.03648
1.9379373,45.03648
1.9359226,45.03648
1.933908,45.03648
1.9318933,45.03648
1.9298787,45.03648
1.9278641,45.03648
1.9258494,45.03648
1.9238348,45.03648
1.9218202,45.03648
1.9198055,45.03648
1.9177907,45.03648
1.915776,45.03648
1.9137614,45.03648
1.9117467,45.03648
1.9097321,45.03648
1.9077175,45.03648
1.9057028,45.03648
1.9036882,45.03648
1.9016736,45.03648
1.8996589,45.03648
1.8976443,45.03648
1.8956296,45.03648
1.893615,45.03648
1.8916004,45.03648
1.8895857,45.03648
1.8875711,45.03648
1.8855565,45.03648
1.8835418,45.03648
1.8815272,45.03648
1.8795125,45.03648
1.8774979,45.03648
1.875483,45.03648
1.8734684,45.03648
1.8714538,45.03648
1.8694391,45.03648
1.8674245,45.03648
1.8654099,45.03648
1.8633952,45.03648
1.8613806,45.03648
1.8593659,45.03648
1.8573513,45.03648
1.8553367,45.03648
1.853322,45.03648
1.8513074,45.03648
1.8492928,45.03648
1.8472781,45.03648
1.8452635,45.03648
1.8432488,45.03648
1.8412342,45.03648
1.8392196,45.03648
1.8372049,45.03648
1.8351903,45.03648
1.8331754,45.03648
1.8311608,45.03648
1.8291461,45.03648
1.8271315,45.03648
1.8251169,45.03648
1.8231022,45.03648
1.8210876,45.03648
1.819073,45.03648
1.8170583,45.03648
1.8150437,45.03648
1.813029,45.03648
1.8110144,45.03648
1.8089998,45.03648
1.8069851,45.03648
1.8049705,45.03648
1.8029559,45.03648
1.8009412,45.03648
1.7989266,45.03648
1.796912,45.03648
1.7948973,45.03648
1.7928827,45.03648
1.7908678,45.03648
1.7888532,45.03648
1.7868385,45.03648
1.7848239,45.03648
1.7828093,45.03648
1.7807946,45.03648
1.77878,45.03648
1.7767653,45.03648
1.7747507,45.03648
1.7727361,45.03648
1.7707214,45.03648
1.7687068,45.03648
1.7666922,45.03648
1.7646775,45.03648
1.7626629,45.03648
1.7606483,45.03648
1.7586336,45.03648
1.756619,45.03648
1.7546043,45.03648
1.7525897,45.03648
1.7505751,45.03648
1.7485602,45.03648
1.7465456,45.03648
1.7445309,45.03648
1.7425163,45.03648
1.7405016,45.03648
1.738487,45.03648
1.7364724,45.03648
1.7344577,45.03648
1.7324431,45.03648
1.7304285,45.03648
1.7284138,45.03648
1.7263992,45.03648
1.7243845,45.03648
1.7223699,45.03648
1.7203553,45.03648
1.7183406,45.03648
1.716326,45.03648
1.7143114,45.03648
1.7122967,45.03648
1.7102821,45.03648
1.7082675,45.03648
1.7062526,45.03648
1.7042379,45.03648
1.7022233,45.03648
1.7002087,45.03648
1.698194,45.03648
1.6961794,45.03648
1.6941648,45.03648
1.6921501,45.03648
1.6901355,45.03648
1.6881208,45.03648
1.6861062,45.03648
1.6840916,45.03648
1.6820769,45.03648
1.6800623,45.03648
1.6780477,45.03648
1.676033,45.03648
1.6740184,45.03648
1.6720037,45.03648
1.6699891,45.03648
1.6679745,45.03648
1.6659596,45.03648
1.663945,45.03648
1.6619303,45.03648
1.6599157,45.03648
1.657901,45.03648
1.6558864,45.03648
1.6538718,45.03648
1.6518571,45.03648
1.6498425,45.03648
1.6478279,45.03648
1.6458132,45.03648
1.6437986,45.03648
1.641784,45.03648
1.6397693,45.03648
1.6377547,45.03648
1.63574,45.03648
1.6337254,45.03648
1.6317108,45.03648
1.6296961,45.03648
1.6276815,45.03648
1.6256669,45.03648
1.623652,45.03648
1.6216373,45.03648
1.6196227,45.03648
1.6176081,45.03648
1.6155934,45.03648
1.6135788,45.03648
1.6115642,45.03648
1.6095495,45.03648
1.6075349,45.03648
1.6055202,45.03648
1.6035056,45.03648
1.601491,45.03648
1.5994763,45.03648
1.5974617,45.03648
1.5954471,45.03648
1.5934324,45.03648
1.5914178,45.03648
1.5894032,45.03648
1.5873885,45.03648
1.5853739,45.03648
1.5833592,45.03648
1.5813444,45.03648
1.5793297,45.03648
1.5773151,45.03648
1.5753005,45.03648
1.5732858,45.03648
1.5712712,45.03648
1.5692565,45.03648
1.5672419,45.03648
1.5652273,45.03648
1.5632126,45.03648
1.561198,45.03648
1.5591834,45.03648
1.5571687,45.03648
1.5551541,45.03648
1.5531394,45.03648
1.5511248,45.03648
1.5491102,45.03648
1.5470955,45.03648
1.5450809,45.03648
1.5430663,45.03648
1.5410516,45.03648
1.5390368,45.03648
1.5370221,45.03648
1.5350075,45.03648
1.5329928,45.03648
1.5309782,45.03648
1.5289636,45.03648
1.5269489,45.03648
1.5249343,45.03648
1.5229197,45.03648
1.520905,45.03648
1.5188904,45.03648
1.5168757,45.03648
1.5148611,45.03648
1.5128465,45.03648
1.5108318,45.03648
1.5088172,45.03648
1.5068026,45.03648
1.5047879,45.03648
1.5027733,45.03648
1.5007586,45.03648
1.498744,45.03648
1.4967291,45.03648
1.4947147,45.03648
1.4927001,45.03648
1.4906855,45.03648
1.4886708,45.03648
1.486656,45.03648
1.4846413,45.03648
1.4826267,45.03648
1.480612,45.03648
1.4785974,45.03648
1.4765828,45.03648
1.4745681,45.03648
1.4725535,45.03648
1.4705389,45.03648
1.4685242,45.03648
1.4665096,45.03648
1.464495,45.03648
1.4624803,45.03648
1.4604657,45.03648
1.458451,45.03648
1.4564364,45.03648
1.4544218,45.03648
1.4524071,45.03648
1.4503925,45.03648
1.4483778,45.03648
1.4463632,45.03648
1.4443483,45.03648
1.4423337,45.03648
1.4403191,45.03648
1.4383044,45.03648
1.4362898,45.03648
1.4342752,45.03648
1.4322605,45.03648
1.4302459,45.03648
1.4282312,45.03648
1.4262166,45.03648
1.424202,45.03648
1.4221873,45.03648
1.4201727,45.03648
1.418158,45.03648
1.4161434,45.03648
1.4141288,45.03648
1.4121141,45.03648
1.4100995,45.03648
1.4080849,45.03648
1.4060702,45.03648
1.4040556,45.03648
1.4020407,45.03648
1.4000261,45.03648
1.3980114,45.03648
1.3959968,45.03648
1.3939822,45.03648
1.3919675,45.03648
1.3899529,45.03648
1.3879383,45.03648
1.3859236,45.03648
1.383909,45.03648
1.3818944,45.03648
1.3798797,45.03648
1.3778651,45.03648
1.3758504,45.03648
1.3738358,45.03648
1.3718212,45.03648
1.3698065,45.03648
1.3677919,45.03648
1.3657773,45.03648
1.3637626,45.03648
1.361748,45.03648
1.3597331,45.03648
1.3577185,45.03648
1.3557038,45.03648
1.3536892,45.03648
1.3516746,45.03648
1.3496599,45.03648
1.3476453,45.03648
1.3456306,45.03648
1.343616,45.03648
1.3416014,45.03648
1.3395867,45.03648
1.3375721,45.03648
1.3355575,45.03648
1.3335428,45.03648
1.3315282,45.03648
1.3295135,45.03648
1.3274989,45.03648
1.3254843,45.03648
1.3234696,45.03648
1.321455,45.03648
1.3194404,45.03648
1.3174255,45.03648
1.3154109,45.03648
1.3133962,45.03648
1.3113816,45.03648
1.309367,45.03648
1.3073523,45.03648
1.3053377,45.03648
1.303323,45.03648
1.3013084,45.03648
1.2992938,45.03648
1.2972791,45.03648
1.2952645,45.03648
1.2932498,45.03648
1.2912352,45.03648
1.2892206,45.03648
1.2872059,45.03648
1.2851913,45.03648
1.2831767,45.03648
1.281162,45.03648
1.2791474,45.03648
1.2771327,45.03648
1.2751179,45.03648
1.2731032,45.03648
1.2710886,45.03648
1.269074,45.03648
1.2670593,45.03648
1.2650447,45.03648
1.26303,45.03648
1.2610154,45.03648
1.2590008,45.03648
1.2569861,45.03648
1.2549715,45.03648
1.2529569,45.03648
1.2509422,45.03648
1.2489276,45.03648
1.246913,45.03648
1.2448983,45.03648
1.2428837,45.03648
1.240869,45.03648
1.2388544,45.03648
1.2368398,45.03648
1.2348251,45.03648
1.2328103,45.03648
1.2307956,45.03648
1.228781,45.03648
1.2267663,45.03648
